,ID,default.payment.next.month
0,1,1
1,11,1
2,27,1
3,40,1
4,45,1
5,59,1
6,63,1
7,66,1
8,91,1
9,112,1
10,122,1
11,132,1
12,159,1
13,168,1
14,169,1
15,187,1
16,194,1
17,196,1
18,200,1
19,216,1
20,221,1
21,225,1
22,234,1
23,244,1
24,263,0
25,267,1
26,270,1
27,304,1
28,309,1
29,320,1
30,328,1
31,352,1
32,382,1
33,388,1
34,403,1
35,405,1
36,418,1
37,443,1
38,457,1
39,483,1
40,492,1
41,515,1
42,519,1
43,527,1
44,528,1
45,547,1
46,558,1
47,565,1
48,576,1
49,608,0
50,646,1
51,649,1
52,674,1
53,708,1
54,721,1
55,730,1
56,779,1
57,786,1
58,794,1
59,840,1
60,852,1
61,880,1
62,882,1
63,889,1
64,898,1
65,906,1
66,921,1
67,934,1
68,941,1
69,977,1
70,986,1
71,990,1
72,992,1
73,1009,1
74,1026,1
75,1033,1
76,1036,1
77,1050,1
78,1055,1
79,1060,1
80,1105,1
81,1111,1
82,1129,1
83,1133,1
84,1147,1
85,1153,1
86,1182,1
87,1198,1
88,1244,1
89,1256,1
90,1302,1
91,1316,1
92,1350,1
93,1351,1
94,1358,1
95,1373,1
96,1400,1
97,1418,1
98,1424,1
99,1432,1
100,1433,1
101,1436,1
102,1437,1
103,1439,1
104,1441,1
105,1480,1
106,1493,1
107,1497,1
108,1502,1
109,1522,1
110,1529,1
111,1538,1
112,1541,1
113,1542,1
114,1571,1
115,1573,1
116,1575,1
117,1592,1
118,1596,1
119,1607,1
120,1615,0
121,1621,1
122,1626,1
123,1627,1
124,1670,1
125,1697,1
126,1713,1
127,1722,1
128,1738,1
129,1740,1
130,1774,1
131,1788,0
132,1834,0
133,1836,1
134,1851,1
135,1873,1
136,1876,0
137,1880,1
138,1882,1
139,1975,1
140,1981,1
141,1986,1
142,1992,1
143,1998,1
144,2009,1
145,2020,1
146,2046,1
147,2067,1
148,2080,1
149,2083,1
150,2102,1
151,2106,1
152,2115,1
153,2119,1
154,2125,1
155,2141,1
156,2145,1
157,2219,1
158,2227,0
159,2284,1
160,2296,1
161,2319,1
162,2341,1
163,2353,1
164,2363,1
165,2366,1
166,2378,1
167,2390,1
168,2397,1
169,2400,1
170,2404,1
171,2437,1
172,2438,1
173,2471,1
174,2481,1
175,2491,1
176,2514,1
177,2542,1
178,2550,1
179,2558,1
180,2560,1
181,2567,1
182,2584,1
183,2588,1
184,2590,1
185,2609,0
186,2618,1
187,2643,1
188,2653,0
189,2656,1
190,2676,1
191,2678,1
192,2704,1
193,2715,1
194,2726,1
195,2729,1
196,2731,1
197,2751,1
198,2758,1
199,2773,1
200,2777,1
201,2779,1
202,2790,1
203,2792,1
204,2822,1
205,2843,1
206,2855,1
207,2860,1
208,2877,1
209,2897,1
210,2904,1
211,2924,1
212,2959,1
213,2964,1
214,2969,1
215,2973,1
216,2991,1
217,2998,1
218,3012,1
219,3019,1
220,3020,1
221,3047,1
222,3088,1
223,3093,1
224,3110,0
225,3130,1
226,3144,1
227,3152,1
228,3155,1
229,3157,1
230,3174,1
231,3179,1
232,3186,1
233,3195,1
234,3201,1
235,3246,1
236,3257,1
237,3279,1
238,3288,1
239,3290,1
240,3296,1
241,3298,1
242,3303,1
243,3337,1
244,3339,1
245,3354,1
246,3359,1
247,3360,1
248,3361,1
249,3379,1
250,3398,1
251,3403,0
252,3455,1
253,3457,1
254,3458,1
255,3469,1
256,3486,1
257,3496,1
258,3528,1
259,3538,1
260,3540,1
261,3545,1
262,3569,1
263,3587,1
264,3594,1
265,3599,1
266,3604,1
267,3606,1
268,3613,1
269,3669,1
270,3674,1
271,3682,1
272,3694,1
273,3724,1
274,3729,1
275,3778,1
276,3793,1
277,3803,1
278,3823,1
279,3846,1
280,3851,1
281,3858,1
282,3860,1
283,3868,1
284,3873,1
285,3905,1
286,3911,1
287,3912,1
288,3949,1
289,3991,1
290,3993,1
291,4001,1
292,4007,1
293,4014,1
294,4032,1
295,4037,1
296,4048,1
297,4057,1
298,4087,1
299,4093,1
300,4097,1
301,4105,1
302,4114,0
303,4134,1
304,4144,1
305,4145,1
306,4197,1
307,4202,1
308,4206,1
309,4209,1
310,4210,1
311,4218,1
312,4220,1
313,4238,1
314,4247,1
315,4249,1
316,4296,1
317,4297,1
318,4302,1
319,4324,1
320,4367,1
321,4375,1
322,4410,1
323,4417,1
324,4475,1
325,4493,1
326,4529,1
327,4543,1
328,4556,1
329,4560,1
330,4580,1
331,4609,1
332,4631,1
333,4636,1
334,4640,1
335,4650,1
336,4668,1
337,4691,1
338,4711,1
339,4720,1
340,4725,1
341,4741,1
342,4743,1
343,4747,1
344,4753,1
345,4754,1
346,4763,1
347,4765,1
348,4789,1
349,4802,1
350,4809,1
351,4833,0
352,4841,1
353,4844,1
354,4848,1
355,4867,1
356,4876,1
357,4885,1
358,4903,1
359,4915,1
360,4920,1
361,4926,1
362,4932,1
363,4954,1
364,4959,1
365,4975,1
366,4986,1
367,5003,1
368,5037,1
369,5049,1
370,5057,1
371,5061,1
372,5069,1
373,5098,1
374,5113,1
375,5148,1
376,5152,1
377,5191,1
378,5199,1
379,5212,1
380,5220,1
381,5226,1
382,5234,1
383,5238,1
384,5242,1
385,5249,1
386,5289,1
387,5300,1
388,5303,0
389,5312,1
390,5320,1
391,5353,1
392,5399,1
393,5413,0
394,5426,1
395,5429,1
396,5435,1
397,5459,1
398,5461,1
399,5464,1
400,5486,1
401,5496,1
402,5518,0
403,5542,1
404,5552,1
405,5572,1
406,5611,1
407,5656,1
408,5658,1
409,5682,1
410,5718,1
411,5739,1
412,5770,1
413,5817,1
414,5819,1
415,5832,1
416,5838,1
417,5839,1
418,5893,1
419,5900,1
420,5908,1
421,5919,1
422,5935,1
423,5942,1
424,5988,1
425,5991,1
426,6012,1
427,6015,1
428,6041,1
429,6053,1
430,6056,1
431,6085,1
432,6089,1
433,6117,1
434,6120,1
435,6151,1
436,6155,1
437,6156,1
438,6183,1
439,6194,1
440,6225,1
441,6233,1
442,6236,1
443,6248,1
444,6290,1
445,6334,1
446,6342,1
447,6352,1
448,6358,1
449,6364,1
450,6371,1
451,6386,1
452,6441,1
453,6456,1
454,6459,1
455,6475,1
456,6481,1
457,6504,1
458,6531,1
459,6556,1
460,6565,1
461,6582,1
462,6595,1
463,6605,1
464,6609,1
465,6624,1
466,6633,1
467,6648,1
468,6658,1
469,6667,1
470,6668,1
471,6696,1
472,6718,1
473,6726,1
474,6753,1
475,6758,1
476,6759,1
477,6760,1
478,6763,1
479,6778,1
480,6789,1
481,6834,1
482,6862,1
483,6864,1
484,6876,1
485,6887,1
486,6894,1
487,6897,1
488,6938,1
489,6947,1
490,6958,1
491,6962,1
492,6976,1
493,6991,1
494,7003,1
495,7029,1
496,7030,1
497,7057,1
498,7062,1
499,7092,1
500,7110,1
501,7146,1
502,7150,1
503,7167,1
504,7179,1
505,7185,1
506,7215,1
507,7216,1
508,7239,1
509,7262,1
510,7264,1
511,7293,1
512,7311,1
513,7320,1
514,7340,1
515,7372,1
516,7377,1
517,7409,1
518,7415,1
519,7423,1
520,7426,1
521,7448,1
522,7456,1
523,7469,1
524,7473,1
525,7475,1
526,7500,1
527,7502,1
528,7526,1
529,7531,1
530,7536,1
531,7538,1
532,7543,1
533,7549,1
534,7604,1
535,7624,1
536,7629,1
537,7648,1
538,7668,1
539,7701,1
540,7712,1
541,7727,1
542,7730,1
543,7733,1
544,7744,1
545,7760,1
546,7761,1
547,7793,1
548,7796,1
549,7799,1
550,7817,1
551,7818,1
552,7826,1
553,7830,1
554,7836,1
555,7851,1
556,7857,1
557,7858,1
558,7860,1
559,7866,0
560,7882,1
561,7888,1
562,7899,1
563,7927,1
564,7946,1
565,7960,1
566,8016,1
567,8018,1
568,8020,1
569,8025,1
570,8033,1
571,8075,1
572,8076,1
573,8090,1
574,8106,1
575,8112,1
576,8115,1
577,8123,1
578,8130,1
579,8157,1
580,8172,1
581,8189,1
582,8201,1
583,8216,1
584,8241,1
585,8242,1
586,8243,1
587,8244,0
588,8276,1
589,8277,1
590,8279,1
591,8294,1
592,8341,1
593,8350,1
594,8369,1
595,8371,1
596,8391,1
597,8420,0
598,8426,1
599,8441,1
600,8447,1
601,8455,1
602,8471,1
603,8480,1
604,8515,1
605,8522,1
606,8526,1
607,8538,1
608,8546,1
609,8574,1
610,8584,1
611,8600,1
612,8628,1
613,8636,1
614,8711,1
615,8714,1
616,8733,1
617,8745,1
618,8756,1
619,8775,1
620,8789,1
621,8804,1
622,8835,1
623,8836,1
624,8839,1
625,8845,1
626,8859,1
627,8868,1
628,8882,1
629,8887,1
630,8898,1
631,8911,1
632,8974,1
633,8985,1
634,8988,1
635,8989,1
636,8992,1
637,9000,1
638,9013,1
639,9038,1
640,9083,1
641,9085,1
642,9111,1
643,9131,1
644,9140,1
645,9148,1
646,9149,1
647,9152,1
648,9154,1
649,9193,1
650,9231,1
651,9234,1
652,9252,1
653,9257,1
654,9265,1
655,9273,1
656,9280,1
657,9284,1
658,9290,1
659,9308,1
660,9384,1
661,9388,0
662,9397,1
663,9409,1
664,9413,1
665,9414,1
666,9418,1
667,9420,1
668,9426,1
669,9427,1
670,9446,1
671,9458,1
672,9481,1
673,9486,1
674,9500,1
675,9505,1
676,9520,1
677,9549,1
678,9550,1
679,9574,1
680,9584,1
681,9588,1
682,9601,1
683,9608,1
684,9617,1
685,9657,1
686,9668,1
687,9672,1
688,9678,1
689,9706,1
690,9714,1
691,9715,1
692,9719,1
693,9762,1
694,9765,1
695,9769,1
696,9773,1
697,9789,1
698,9792,1
699,9812,1
700,9816,1
701,9831,1
702,9858,1
703,9863,1
704,9893,1
705,9898,1
706,9901,1
707,9910,1
708,9918,1
709,9928,1
710,9933,1
711,9945,1
712,9950,1
713,9959,1
714,9980,1
715,10003,1
716,10020,1
717,10027,1
718,10040,1
719,10043,1
720,10070,1
721,10103,1
722,10111,1
723,10125,1
724,10129,1
725,10133,1
726,10134,1
727,10136,1
728,10170,1
729,10180,1
730,10181,1
731,10191,1
732,10211,1
733,10225,1
734,10233,1
735,10248,1
736,10249,1
737,10251,1
738,10253,1
739,10279,1
740,10288,1
741,10298,1
742,10314,1
743,10315,1
744,10338,1
745,10354,1
746,10370,1
747,10390,1
748,10396,1
749,10401,1
750,10405,1
751,10448,1
752,10450,1
753,10460,1
754,10461,1
755,10473,1
756,10505,1
757,10511,1
758,10513,1
759,10525,1
760,10570,1
761,10576,1
762,10598,1
763,10641,1
764,10656,1
765,10687,1
766,10713,1
767,10714,1
768,10723,1
769,10742,1
770,10745,1
771,10757,1
772,10759,1
773,10766,1
774,10772,1
775,10795,1
776,10819,1
777,10823,1
778,10827,1
779,10828,1
780,10834,1
781,10835,0
782,10836,1
783,10839,1
784,10842,1
785,10863,1
786,10877,1
787,10893,1
788,10895,1
789,10908,1
790,10914,1
791,10939,1
792,10942,1
793,10943,1
794,10952,1
795,10975,1
796,10988,1
797,11002,1
798,11025,1
799,11040,1
800,11050,1
801,11053,1
802,11061,1
803,11080,1
804,11084,1
805,11107,1
806,11109,1
807,11117,1
808,11123,1
809,11128,1
810,11167,1
811,11188,1
812,11191,1
813,11205,1
814,11212,1
815,11217,1
816,11219,1
817,11231,1
818,11234,1
819,11240,1
820,11243,1
821,11252,1
822,11257,1
823,11263,1
824,11271,1
825,11273,1
826,11284,1
827,11286,1
828,11303,1
829,11307,1
830,11330,1
831,11344,1
832,11345,1
833,11348,1
834,11363,1
835,11380,1
836,11393,1
837,11405,1
838,11441,1
839,11450,0
840,11508,1
841,11511,1
842,11530,1
843,11538,1
844,11572,1
845,11573,1
846,11619,1
847,11623,1
848,11644,1
849,11646,1
850,11649,0
851,11676,1
852,11693,1
853,11710,1
854,11761,1
855,11772,1
856,11780,1
857,11794,1
858,11803,1
859,11804,1
860,11857,1
861,11865,1
862,11874,1
863,11877,1
864,11903,1
865,11912,1
866,11927,1
867,11930,1
868,11954,1
869,11963,1
870,11983,0
871,11995,1
872,11997,1
873,12011,1
874,12018,1
875,12032,1
876,12036,1
877,12073,1
878,12084,1
879,12091,1
880,12092,1
881,12097,1
882,12101,1
883,12115,1
884,12118,1
885,12145,1
886,12156,1
887,12160,1
888,12170,1
889,12177,1
890,12198,1
891,12202,1
892,12236,1
893,12253,1
894,12255,1
895,12256,1
896,12261,1
897,12263,1
898,12265,1
899,12298,1
900,12299,1
901,12308,1
902,12322,1
903,12330,1
904,12332,1
905,12370,1
906,12375,1
907,12399,1
908,12445,1
909,12482,1
910,12486,1
911,12497,1
912,12504,1
913,12512,1
914,12581,1
915,12620,1
916,12629,1
917,12637,1
918,12650,1
919,12696,1
920,12733,1
921,12746,1
922,12780,1
923,12819,1
924,12820,1
925,12825,1
926,12835,1
927,12836,1
928,12868,1
929,12877,1
930,12884,1
931,12914,1
932,12931,1
933,12956,1
934,12959,1
935,12967,1
936,12970,0
937,12975,1
938,12977,1
939,12978,0
940,13029,1
941,13059,1
942,13065,0
943,13092,1
944,13106,1
945,13107,1
946,13155,1
947,13167,1
948,13174,1
949,13210,1
950,13212,1
951,13218,1
952,13248,1
953,13259,1
954,13267,1
955,13288,1
956,13292,1
957,13323,1
958,13354,1
959,13361,1
960,13367,1
961,13400,1
962,13404,1
963,13410,1
964,13415,1
965,13429,1
966,13445,1
967,13455,1
968,13461,1
969,13480,1
970,13529,1
971,13579,1
972,13620,1
973,13641,1
974,13648,1
975,13696,1
976,13697,1
977,13712,1
978,13723,1
979,13744,1
980,13760,1
981,13783,1
982,13784,1
983,13786,1
984,13788,1
985,13790,1
986,13792,1
987,13802,1
988,13810,1
989,13811,1
990,13814,1
991,13825,1
992,13840,1
993,13861,1
994,13882,1
995,13884,1
996,13885,1
997,13898,1
998,13902,1
999,13913,1
1000,13936,1
1001,13961,1
1002,13967,1
1003,13969,1
1004,13971,1
1005,14013,1
1006,14018,1
1007,14023,1
1008,14031,1
1009,14045,1
1010,14046,1
1011,14050,1
1012,14087,1
1013,14091,1
1014,14109,1
1015,14114,1
1016,14133,1
1017,14142,0
1018,14145,1
1019,14152,1
1020,14162,1
1021,14179,1
1022,14181,1
1023,14187,1
1024,14212,0
1025,14217,1
1026,14227,1
1027,14255,1
1028,14289,1
1029,14304,1
1030,14321,1
1031,14329,1
1032,14330,1
1033,14350,1
1034,14366,1
1035,14379,1
1036,14393,1
1037,14406,1
1038,14415,1
1039,14419,1
1040,14443,1
1041,14446,1
1042,14453,0
1043,14471,1
1044,14501,1
1045,14504,1
1046,14510,1
1047,14543,1
1048,14552,1
1049,14570,1
1050,14576,1
1051,14585,1
1052,14587,1
1053,14597,1
1054,14601,1
1055,14638,1
1056,14639,1
1057,14672,1
1058,14683,1
1059,14697,0
1060,14708,1
1061,14762,1
1062,14774,1
1063,14811,1
1064,14822,1
1065,14847,1
1066,14865,1
1067,14868,1
1068,14878,1
1069,14887,1
1070,14907,1
1071,14915,1
1072,14923,1
1073,14930,1
1074,14955,1
1075,14972,1
1076,15014,1
1077,15017,1
1078,15033,1
1079,15061,1
1080,15069,1
1081,15095,1
1082,15101,1
1083,15111,1
1084,15127,1
1085,15129,1
1086,15134,1
1087,15141,1
1088,15147,1
1089,15161,1
1090,15180,1
1091,15185,1
1092,15186,1
1093,15201,1
1094,15215,1
1095,15219,1
1096,15232,1
1097,15288,1
1098,15310,1
1099,15317,1
1100,15343,1
1101,15354,1
1102,15358,1
1103,15425,1
1104,15428,1
1105,15448,1
1106,15458,1
1107,15460,1
1108,15462,1
1109,15485,1
1110,15488,1
1111,15491,1
1112,15506,1
1113,15513,1
1114,15525,1
1115,15543,1
1116,15581,1
1117,15586,1
1118,15600,1
1119,15616,1
1120,15624,1
1121,15630,1
1122,15675,1
1123,15676,1
1124,15678,1
1125,15691,1
1126,15733,1
1127,15736,1
1128,15747,1
1129,15753,1
1130,15760,1
1131,15767,1
1132,15779,1
1133,15785,1
1134,15803,1
1135,15823,1
1136,15824,1
1137,15860,1
1138,15862,1
1139,15863,1
1140,15916,1
1141,15942,1
1142,15948,1
1143,15951,1
1144,15954,1
1145,15984,1
1146,16007,0
1147,16017,1
1148,16027,1
1149,16064,1
1150,16076,1
1151,16083,1
1152,16093,1
1153,16098,1
1154,16116,1
1155,16125,1
1156,16127,1
1157,16151,1
1158,16154,1
1159,16201,1
1160,16219,1
1161,16228,1
1162,16256,1
1163,16260,1
1164,16279,1
1165,16286,1
1166,16290,1
1167,16298,1
1168,16316,1
1169,16323,1
1170,16345,1
1171,16358,1
1172,16377,1
1173,16387,1
1174,16411,1
1175,16416,1
1176,16437,1
1177,16442,1
1178,16447,1
1179,16452,1
1180,16464,1
1181,16516,1
1182,16521,1
1183,16522,1
1184,16523,1
1185,16527,1
1186,16543,1
1187,16544,1
1188,16554,1
1189,16556,1
1190,16591,1
1191,16601,1
1192,16616,1
1193,16623,1
1194,16632,1
1195,16643,1
1196,16652,1
1197,16657,1
1198,16682,1
1199,16714,1
1200,16723,1
1201,16758,1
1202,16763,1
1203,16768,1
1204,16782,1
1205,16786,1
1206,16788,1
1207,16800,1
1208,16813,1
1209,16840,1
1210,16890,1
1211,16938,1
1212,16950,1
1213,16956,0
1214,16964,1
1215,16975,1
1216,16978,1
1217,16979,1
1218,16995,1
1219,17020,1
1220,17021,1
1221,17038,1
1222,17040,1
1223,17044,1
1224,17052,1
1225,17060,1
1226,17070,1
1227,17071,1
1228,17089,1
1229,17101,1
1230,17129,1
1231,17140,1
1232,17168,1
1233,17191,1
1234,17192,1
1235,17214,1
1236,17220,1
1237,17232,1
1238,17233,1
1239,17241,1
1240,17269,1
1241,17274,1
1242,17282,1
1243,17290,1
1244,17323,1
1245,17340,1
1246,17361,1
1247,17364,1
1248,17378,1
1249,17444,1
1250,17462,1
1251,17483,1
1252,17484,1
1253,17486,1
1254,17499,1
1255,17545,1
1256,17548,1
1257,17576,1
1258,17613,1
1259,17635,1
1260,17657,1
1261,17660,1
1262,17688,1
1263,17702,1
1264,17708,1
1265,17711,1
1266,17713,1
1267,17735,1
1268,17738,1
1269,17739,1
1270,17747,1
1271,17748,1
1272,17759,1
1273,17786,1
1274,17789,1
1275,17798,1
1276,17813,1
1277,17832,1
1278,17863,1
1279,17875,1
1280,17882,0
1281,17888,1
1282,17893,1
1283,17907,1
1284,17916,1
1285,17946,1
1286,17947,1
1287,17967,1
1288,18002,1
1289,18004,1
1290,18015,1
1291,18039,1
1292,18042,1
1293,18043,1
1294,18050,1
1295,18065,1
1296,18070,0
1297,18072,1
1298,18084,1
1299,18085,1
1300,18093,1
1301,18136,1
1302,18206,1
1303,18216,1
1304,18217,1
1305,18221,1
1306,18229,1
1307,18257,1
1308,18260,1
1309,18272,1
1310,18273,1
1311,18277,1
1312,18278,1
1313,18285,1
1314,18303,1
1315,18307,1
1316,18318,1
1317,18328,1
1318,18348,1
1319,18358,1
1320,18383,1
1321,18394,1
1322,18403,1
1323,18423,1
1324,18438,1
1325,18472,1
1326,18495,1
1327,18530,1
1328,18533,1
1329,18540,1
1330,18554,1
1331,18569,1
1332,18619,1
1333,18622,1
1334,18660,1
1335,18685,1
1336,18694,1
1337,18701,1
1338,18704,1
1339,18706,1
1340,18726,1
1341,18739,1
1342,18767,1
1343,18774,1
1344,18778,1
1345,18782,1
1346,18800,1
1347,18811,1
1348,18849,1
1349,18868,1
1350,18873,1
1351,18900,1
1352,18911,1
1353,18939,1
1354,18992,1
1355,19030,1
1356,19050,1
1357,19058,1
1358,19070,1
1359,19098,1
1360,19102,1
1361,19126,1
1362,19127,1
1363,19137,1
1364,19146,1
1365,19150,1
1366,19176,1
1367,19179,1
1368,19195,1
1369,19237,1
1370,19242,1
1371,19245,1
1372,19329,1
1373,19426,1
1374,19429,1
1375,19432,1
1376,19442,1
1377,19471,1
1378,19482,1
1379,19486,1
1380,19488,1
1381,19498,1
1382,19500,1
1383,19504,1
1384,19546,1
1385,19596,1
1386,19598,1
1387,19637,1
1388,19650,1
1389,19668,1
1390,19746,1
1391,19752,1
1392,19766,1
1393,19810,1
1394,19832,1
1395,19846,1
1396,19862,1
1397,19866,1
1398,19885,1
1399,19888,1
1400,19900,1
1401,19957,0
1402,19971,1
1403,19976,1
1404,19978,1
1405,19991,1
1406,19992,1
1407,20051,1
1408,20055,0
1409,20131,1
1410,20152,1
1411,20156,1
1412,20160,1
1413,20164,1
1414,20172,1
1415,20189,1
1416,20210,1
1417,20211,1
1418,20224,1
1419,20256,1
1420,20270,1
1421,20282,1
1422,20307,1
1423,20355,1
1424,20373,1
1425,20388,1
1426,20389,1
1427,20416,1
1428,20440,1
1429,20472,1
1430,20479,1
1431,20481,1
1432,20484,1
1433,20505,1
1434,20521,1
1435,20540,1
1436,20546,1
1437,20549,1
1438,20562,1
1439,20572,1
1440,20574,1
1441,20582,1
1442,20585,1
1443,20610,1
1444,20640,1
1445,20665,1
1446,20688,1
1447,20722,1
1448,20727,1
1449,20795,1
1450,20811,1
1451,20814,1
1452,20830,0
1453,20849,0
1454,20856,1
1455,20867,1
1456,20868,1
1457,20869,1
1458,20872,1
1459,20914,1
1460,20919,1
1461,20922,1
1462,20937,1
1463,20973,1
1464,20987,1
1465,20991,1
1466,21001,1
1467,21002,1
1468,21014,1
1469,21034,1
1470,21049,1
1471,21053,1
1472,21061,1
1473,21077,1
1474,21078,1
1475,21120,1
1476,21169,1
1477,21170,1
1478,21182,1
1479,21256,1
1480,21260,1
1481,21263,1
1482,21276,1
1483,21293,1
1484,21324,1
1485,21355,1
1486,21363,1
1487,21369,1
1488,21397,1
1489,21401,1
1490,21419,1
1491,21428,1
1492,21436,1
1493,21463,1
1494,21467,1
1495,21486,1
1496,21505,1
1497,21512,1
1498,21561,1
1499,21574,1
1500,21583,1
1501,21636,1
1502,21637,1
1503,21648,1
1504,21668,1
1505,21688,1
1506,21702,1
1507,21706,1
1508,21730,1
1509,21740,1
1510,21779,1
1511,21810,1
1512,21823,1
1513,21853,1
1514,21857,1
1515,21865,1
1516,21868,1
1517,21869,1
1518,21877,1
1519,21901,1
1520,21914,1
1521,21916,1
1522,21933,1
1523,21953,1
1524,21972,1
1525,21985,1
1526,22001,1
1527,22007,1
1528,22012,1
1529,22094,1
1530,22158,1
1531,22167,1
1532,22195,1
1533,22203,1
1534,22213,0
1535,22231,1
1536,22262,1
1537,22287,1
1538,22288,1
1539,22300,1
1540,22307,1
1541,22328,1
1542,22331,1
1543,22366,1
1544,22375,1
1545,22387,1
1546,22421,0
1547,22422,1
1548,22460,1
1549,22473,1
1550,22491,1
1551,22521,1
1552,22537,1
1553,22554,1
1554,22555,1
1555,22561,1
1556,22569,1
1557,22626,1
1558,22693,1
1559,22727,1
1560,22738,1
1561,22806,1
1562,22852,1
1563,22859,1
1564,22870,1
1565,22879,1
1566,22881,1
1567,22896,1
1568,22898,1
1569,22901,1
1570,22912,1
1571,22937,1
1572,22951,1
1573,22970,1
1574,23034,1
1575,23040,1
1576,23090,1
1577,23113,1
1578,23131,1
1579,23143,1
1580,23179,1
1581,23221,1
1582,23226,1
1583,23240,1
1584,23242,1
1585,23247,1
1586,23259,1
1587,23283,1
1588,23287,1
1589,23302,1
1590,23310,1
1591,23323,1
1592,23356,1
1593,23378,1
1594,23392,1
1595,23420,1
1596,23502,1
1597,23510,1
1598,23526,1
1599,23568,1
1600,23593,1
1601,23607,1
1602,23631,1
1603,23636,1
1604,23640,1
1605,23666,1
1606,23711,1
1607,23752,1
1608,23753,1
1609,23760,1
1610,23798,0
1611,23828,1
1612,23852,1
1613,23858,1
1614,23867,0
1615,23892,1
1616,23899,1
1617,23913,1
1618,23944,1
1619,23953,1
1620,23960,1
1621,23979,1
1622,23983,1
1623,24035,1
1624,24039,1
1625,24040,1
1626,24043,1
1627,24131,1
1628,24155,1
1629,24156,1
1630,24158,1
1631,24160,1
1632,24165,1
1633,24179,1
1634,24186,1
1635,24193,1
1636,24215,1
1637,24227,1
1638,24301,1
1639,24324,1
1640,24325,1
1641,24328,1
1642,24339,1
1643,24360,1
1644,24382,1
1645,24383,1
1646,24386,1
1647,24396,1
1648,24398,1
1649,24401,1
1650,24429,1
1651,24467,1
1652,24476,1
1653,24500,1
1654,24536,1
1655,24549,1
1656,24570,1
1657,24571,1
1658,24609,1
1659,24618,1
1660,24635,0
1661,24712,1
1662,24713,1
1663,24715,1
1664,24717,1
1665,24733,1
1666,24747,1
1667,24751,1
1668,24759,1
1669,24760,1
1670,24768,1
1671,24769,1
1672,24782,1
1673,24797,1
1674,24800,1
1675,24828,1
1676,24835,1
1677,24874,1
1678,24878,0
1679,24888,0
1680,24891,1
1681,24939,1
1682,24941,1
1683,24956,1
1684,24967,1
1685,24984,1
1686,25006,1
1687,25009,1
1688,25011,1
1689,25018,1
1690,25025,1
1691,25054,1
1692,25062,1
1693,25084,1
1694,25090,1
1695,25100,1
1696,25143,1
1697,25168,1
1698,25170,1
1699,25178,1
1700,25186,1
1701,25191,1
1702,25197,1
1703,25224,1
1704,25236,1
1705,25244,1
1706,25262,1
1707,25303,1
1708,25328,1
1709,25385,1
1710,25388,1
1711,25401,1
1712,25406,1
1713,25416,1
1714,25429,1
1715,25450,1
1716,25468,1
1717,25472,1
1718,25491,1
1719,25501,1
1720,25509,1
1721,25511,1
1722,25520,1
1723,25533,1
1724,25575,1
1725,25581,1
1726,25590,1
1727,25606,1
1728,25623,1
1729,25632,1
1730,25656,1
1731,25669,1
1732,25673,1
1733,25677,1
1734,25696,1
1735,25737,1
1736,25744,1
1737,25747,1
1738,25754,1
1739,25809,1
1740,25835,1
1741,25845,1
1742,25852,1
1743,25863,1
1744,25870,1
1745,25887,1
1746,25913,1
1747,25924,1
1748,25933,0
1749,25937,1
1750,25961,1
1751,25975,1
1752,25983,1
1753,25987,1
1754,25995,1
1755,25996,1
1756,26003,1
1757,26058,1
1758,26074,1
1759,26079,1
1760,26099,1
1761,26128,1
1762,26149,1
1763,26160,1
1764,26161,1
1765,26168,1
1766,26266,1
1767,26280,1
1768,26284,1
1769,26295,1
1770,26307,1
1771,26328,1
1772,26354,1
1773,26376,1
1774,26416,1
1775,26441,1
1776,26455,1
1777,26476,1
1778,26541,1
1779,26557,1
1780,26562,1
1781,26579,1
1782,26580,1
1783,26589,1
1784,26615,1
1785,26640,1
1786,26641,1
1787,26662,0
1788,26680,1
1789,26686,1
1790,26707,1
1791,26713,1
1792,26750,1
1793,26760,1
1794,26762,1
1795,26790,1
1796,26804,1
1797,26847,1
1798,26871,1
1799,26881,1
1800,26893,1
1801,26894,1
1802,26926,1
1803,26943,1
1804,26944,1
1805,26948,1
1806,26952,1
1807,26971,1
1808,27004,1
1809,27007,0
1810,27021,1
1811,27025,1
1812,27035,1
1813,27044,1
1814,27047,1
1815,27048,1
1816,27057,1
1817,27067,1
1818,27072,1
1819,27078,1
1820,27085,1
1821,27088,1
1822,27158,1
1823,27164,1
1824,27208,1
1825,27210,1
1826,27218,1
1827,27223,1
1828,27225,1
1829,27229,1
1830,27231,1
1831,27245,1
1832,27263,1
1833,27264,1
1834,27287,1
1835,27309,1
1836,27324,1
1837,27334,1
1838,27397,1
1839,27441,1
1840,27442,1
1841,27477,1
1842,27495,1
1843,27523,1
1844,27527,1
1845,27543,1
1846,27545,1
1847,27569,1
1848,27587,1
1849,27600,1
1850,27605,1
1851,27614,1
1852,27631,1
1853,27637,1
1854,27654,1
1855,27660,1
1856,27716,1
1857,27728,0
1858,27755,1
1859,27759,1
1860,27763,1
1861,27767,1
1862,27794,1
1863,27801,1
1864,27824,1
1865,27827,1
1866,27839,1
1867,27899,1
1868,27916,1
1869,27929,1
1870,27936,0
1871,27940,1
1872,27951,1
1873,27956,1
1874,27984,1
1875,28000,1
1876,28001,1
1877,28005,1
1878,28021,1
1879,28041,1
1880,28055,1
1881,28057,1
1882,28058,1
1883,28062,1
1884,28077,1
1885,28105,1
1886,28133,1
1887,28138,1
1888,28177,1
1889,28202,1
1890,28229,1
1891,28251,1
1892,28260,1
1893,28288,1
1894,28306,1
1895,28308,1
1896,28312,1
1897,28324,1
1898,28335,1
1899,28367,1
1900,28385,1
1901,28398,1
1902,28403,1
1903,28408,1
1904,28454,1
1905,28457,1
1906,28472,1
1907,28492,1
1908,28537,1
1909,28538,1
1910,28541,1
1911,28598,1
1912,28604,1
1913,28624,1
1914,28636,1
1915,28647,1
1916,28655,1
1917,28673,0
1918,28676,1
1919,28690,1
1920,28697,1
1921,28701,1
1922,28731,1
1923,28771,1
1924,28777,1
1925,28780,1
1926,28810,1
1927,28816,1
1928,28826,1
1929,28842,0
1930,28894,1
1931,28897,1
1932,28921,1
1933,28945,1
1934,28959,1
1935,28971,1
1936,28975,1
1937,29003,1
1938,29018,1
1939,29026,1
1940,29029,1
1941,29083,1
1942,29088,1
1943,29116,1
1944,29122,1
1945,29150,1
1946,29156,1
1947,29163,0
1948,29170,1
1949,29178,1
1950,29186,1
1951,29193,1
1952,29206,1
1953,29214,1
1954,29215,1
1955,29221,1
1956,29235,1
1957,29248,1
1958,29258,1
1959,29291,1
1960,29296,1
1961,29304,1
1962,29324,0
1963,29339,1
1964,29348,1
1965,29358,1
1966,29367,1
1967,29379,1
1968,29392,1
1969,29455,1
1970,29456,1
1971,29460,1
1972,29498,1
1973,29501,1
1974,29502,1
1975,29510,1
1976,29514,1
1977,29523,1
1978,29542,1
1979,29552,1
1980,29566,1
1981,29574,1
1982,29591,1
1983,29609,1
1984,29615,1
1985,29621,1
1986,29634,1
1987,29671,1
1988,29712,1
1989,29716,1
1990,29735,1
1991,29736,1
1992,29745,1
1993,29748,1
1994,29752,1
1995,29753,1
1996,29757,1
1997,29772,1
1998,29800,1
1999,29821,1
2000,29829,1
2001,29885,1
2002,29902,1
2003,29906,1
2004,29908,1
2005,29920,1
2006,29948,1
2007,29951,1
2008,29956,1
2009,29967,1
2010,29975,1
2011,29982,1
2012,29995,1
2013,29998,1
2014,7,0
2015,22,0
2016,36,0
2017,38,0
2018,41,0
2019,48,0
2020,50,0
2021,53,0
2022,56,0
2023,57,0
2024,60,0
2025,65,0
2026,79,0
2027,86,0
2028,92,0
2029,97,0
2030,101,0
2031,108,0
2032,120,0
2033,133,0
2034,139,0
2035,144,0
2036,167,0
2037,170,0
2038,177,0
2039,195,0
2040,199,0
2041,219,0
2042,222,0
2043,223,0
2044,224,0
2045,227,0
2046,231,0
2047,236,0
2048,237,0
2049,239,0
2050,240,0
2051,246,0
2052,252,0
2053,253,0
2054,256,0
2055,266,0
2056,271,0
2057,274,0
2058,281,0
2059,286,0
2060,296,0
2061,298,0
2062,306,0
2063,312,0
2064,315,0
2065,345,0
2066,347,0
2067,348,0
2068,372,0
2069,379,0
2070,380,0
2071,389,0
2072,404,0
2073,409,0
2074,422,0
2075,423,0
2076,429,0
2077,440,0
2078,444,0
2079,445,0
2080,466,0
2081,468,0
2082,473,0
2083,480,0
2084,488,0
2085,506,0
2086,516,0
2087,520,0
2088,531,0
2089,538,0
2090,541,0
2091,548,0
2092,549,0
2093,552,0
2094,560,0
2095,568,0
2096,569,0
2097,580,0
2098,585,0
2099,591,0
2100,593,0
2101,602,0
2102,603,0
2103,619,0
2104,621,0
2105,623,0
2106,639,0
2107,652,0
2108,653,0
2109,656,0
2110,672,0
2111,684,0
2112,687,0
2113,695,0
2114,696,0
2115,702,0
2116,716,0
2117,717,0
2118,720,0
2119,727,0
2120,736,0
2121,737,0
2122,742,0
2123,755,0
2124,756,0
2125,759,0
2126,804,0
2127,805,0
2128,806,0
2129,812,0
2130,814,0
2131,831,0
2132,842,0
2133,843,0
2134,847,0
2135,853,0
2136,860,0
2137,862,0
2138,864,0
2139,865,0
2140,870,0
2141,873,0
2142,879,0
2143,881,0
2144,903,0
2145,908,0
2146,909,0
2147,913,0
2148,920,0
2149,931,0
2150,936,0
2151,948,0
2152,953,0
2153,962,0
2154,965,0
2155,975,0
2156,983,0
2157,999,0
2158,1002,0
2159,1010,0
2160,1015,0
2161,1020,0
2162,1023,0
2163,1034,0
2164,1037,0
2165,1041,0
2166,1053,0
2167,1056,0
2168,1072,0
2169,1085,0
2170,1087,0
2171,1089,0
2172,1091,0
2173,1107,0
2174,1109,0
2175,1154,0
2176,1156,0
2177,1170,0
2178,1172,0
2179,1177,0
2180,1178,0
2181,1184,0
2182,1185,0
2183,1191,0
2184,1192,0
2185,1193,0
2186,1202,0
2187,1215,0
2188,1219,0
2189,1227,0
2190,1230,0
2191,1239,0
2192,1246,0
2193,1249,0
2194,1257,0
2195,1258,0
2196,1262,0
2197,1265,0
2198,1273,0
2199,1274,0
2200,1280,0
2201,1299,0
2202,1308,0
2203,1310,0
2204,1322,0
2205,1336,0
2206,1338,0
2207,1342,0
2208,1352,0
2209,1356,0
2210,1357,0
2211,1359,0
2212,1360,0
2213,1362,0
2214,1378,0
2215,1386,0
2216,1393,0
2217,1395,0
2218,1420,0
2219,1423,0
2220,1426,0
2221,1435,0
2222,1438,0
2223,1449,0
2224,1455,0
2225,1473,0
2226,1474,0
2227,1475,0
2228,1485,0
2229,1491,0
2230,1492,0
2231,1505,0
2232,1513,0
2233,1535,0
2234,1570,0
2235,1574,0
2236,1577,0
2237,1590,0
2238,1603,0
2239,1619,0
2240,1623,0
2241,1624,0
2242,1652,0
2243,1666,0
2244,1672,0
2245,1676,0
2246,1683,0
2247,1684,0
2248,1698,0
2249,1714,0
2250,1717,0
2251,1721,0
2252,1731,0
2253,1739,0
2254,1746,0
2255,1751,0
2256,1754,0
2257,1773,0
2258,1780,0
2259,1786,0
2260,1802,0
2261,1808,0
2262,1821,0
2263,1837,0
2264,1847,0
2265,1854,0
2266,1857,0
2267,1864,0
2268,1867,0
2269,1871,0
2270,1883,0
2271,1898,0
2272,1899,0
2273,1901,0
2274,1904,0
2275,1905,0
2276,1906,0
2277,1911,0
2278,1927,0
2279,1936,0
2280,1940,0
2281,1958,0
2282,1959,0
2283,1990,0
2284,2002,0
2285,2021,0
2286,2022,0
2287,2040,0
2288,2049,0
2289,2053,0
2290,2068,0
2291,2077,0
2292,2093,0
2293,2098,0
2294,2105,0
2295,2111,0
2296,2117,0
2297,2124,0
2298,2134,0
2299,2157,0
2300,2159,0
2301,2174,0
2302,2175,0
2303,2178,0
2304,2180,0
2305,2182,0
2306,2186,0
2307,2187,0
2308,2206,0
2309,2221,0
2310,2230,0
2311,2237,0
2312,2245,0
2313,2249,0
2314,2259,0
2315,2265,0
2316,2275,0
2317,2288,0
2318,2315,0
2319,2323,0
2320,2324,0
2321,2326,0
2322,2330,0
2323,2331,0
2324,2359,0
2325,2362,0
2326,2368,0
2327,2370,0
2328,2386,0
2329,2398,0
2330,2407,0
2331,2417,0
2332,2431,0
2333,2441,0
2334,2443,0
2335,2451,0
2336,2453,0
2337,2468,0
2338,2469,0
2339,2477,0
2340,2493,0
2341,2498,0
2342,2501,0
2343,2522,0
2344,2525,0
2345,2531,0
2346,2535,0
2347,2536,0
2348,2538,0
2349,2539,0
2350,2543,0
2351,2551,0
2352,2554,0
2353,2556,0
2354,2557,0
2355,2575,0
2356,2576,0
2357,2578,0
2358,2589,0
2359,2596,0
2360,2624,0
2361,2650,0
2362,2661,0
2363,2662,0
2364,2664,0
2365,2703,0
2366,2705,0
2367,2714,0
2368,2717,0
2369,2722,0
2370,2737,0
2371,2745,0
2372,2749,0
2373,2755,0
2374,2760,0
2375,2766,0
2376,2788,0
2377,2791,0
2378,2803,0
2379,2804,0
2380,2807,0
2381,2809,0
2382,2810,0
2383,2832,0
2384,2834,0
2385,2837,0
2386,2838,0
2387,2839,0
2388,2840,0
2389,2851,0
2390,2859,0
2391,2870,0
2392,2881,0
2393,2884,0
2394,2885,0
2395,2887,0
2396,2903,0
2397,2913,0
2398,2928,0
2399,2940,0
2400,2954,0
2401,3001,0
2402,3016,0
2403,3029,0
2404,3030,0
2405,3033,0
2406,3037,0
2407,3038,0
2408,3048,0
2409,3049,0
2410,3051,0
2411,3063,0
2412,3068,0
2413,3081,0
2414,3085,0
2415,3092,0
2416,3095,0
2417,3098,0
2418,3101,0
2419,3106,0
2420,3113,0
2421,3123,0
2422,3124,0
2423,3131,0
2424,3135,0
2425,3140,0
2426,3151,0
2427,3160,0
2428,3161,0
2429,3162,0
2430,3166,0
2431,3169,0
2432,3177,0
2433,3182,0
2434,3208,0
2435,3218,0
2436,3224,0
2437,3230,0
2438,3231,0
2439,3233,0
2440,3237,0
2441,3241,0
2442,3253,0
2443,3268,0
2444,3269,0
2445,3284,0
2446,3291,0
2447,3302,0
2448,3309,0
2449,3310,0
2450,3317,0
2451,3340,0
2452,3343,0
2453,3353,0
2454,3371,0
2455,3373,0
2456,3376,0
2457,3377,0
2458,3386,0
2459,3392,0
2460,3394,0
2461,3406,0
2462,3413,0
2463,3415,0
2464,3416,0
2465,3423,0
2466,3435,0
2467,3438,0
2468,3449,0
2469,3456,0
2470,3467,0
2471,3470,0
2472,3474,0
2473,3483,0
2474,3488,0
2475,3492,0
2476,3500,0
2477,3503,0
2478,3506,0
2479,3511,0
2480,3512,0
2481,3514,0
2482,3517,0
2483,3519,0
2484,3534,0
2485,3557,0
2486,3565,0
2487,3566,0
2488,3571,0
2489,3577,0
2490,3582,0
2491,3589,0
2492,3591,0
2493,3592,0
2494,3605,0
2495,3609,0
2496,3611,0
2497,3612,0
2498,3622,0
2499,3624,0
2500,3625,0
2501,3638,0
2502,3640,0
2503,3642,0
2504,3653,0
2505,3661,0
2506,3663,0
2507,3705,0
2508,3719,0
2509,3723,0
2510,3733,0
2511,3746,0
2512,3749,0
2513,3753,0
2514,3757,0
2515,3761,0
2516,3766,0
2517,3768,0
2518,3769,0
2519,3772,0
2520,3775,0
2521,3789,0
2522,3794,0
2523,3795,0
2524,3796,0
2525,3798,0
2526,3801,0
2527,3814,0
2528,3826,0
2529,3843,0
2530,3876,0
2531,3887,0
2532,3889,0
2533,3891,0
2534,3900,0
2535,3907,0
2536,3918,0
2537,3924,0
2538,3927,0
2539,3953,0
2540,3970,0
2541,3997,0
2542,3998,0
2543,4003,0
2544,4006,0
2545,4010,0
2546,4027,0
2547,4029,0
2548,4039,0
2549,4043,0
2550,4060,0
2551,4061,0
2552,4062,0
2553,4091,0
2554,4110,0
2555,4113,0
2556,4121,0
2557,4124,0
2558,4129,0
2559,4137,0
2560,4149,0
2561,4150,0
2562,4155,0
2563,4159,0
2564,4171,0
2565,4173,0
2566,4174,0
2567,4179,0
2568,4187,0
2569,4188,0
2570,4192,0
2571,4204,0
2572,4207,0
2573,4211,0
2574,4232,0
2575,4234,0
2576,4236,0
2577,4237,0
2578,4242,0
2579,4252,0
2580,4265,0
2581,4314,0
2582,4316,0
2583,4318,0
2584,4320,0
2585,4327,0
2586,4334,0
2587,4335,0
2588,4349,0
2589,4351,0
2590,4363,0
2591,4366,0
2592,4370,0
2593,4387,0
2594,4393,0
2595,4396,0
2596,4401,0
2597,4407,0
2598,4411,0
2599,4418,0
2600,4420,0
2601,4423,0
2602,4428,0
2603,4431,0
2604,4439,0
2605,4449,0
2606,4459,0
2607,4472,0
2608,4487,0
2609,4490,0
2610,4502,0
2611,4516,0
2612,4521,0
2613,4526,0
2614,4527,0
2615,4553,0
2616,4554,0
2617,4563,0
2618,4566,0
2619,4585,0
2620,4600,0
2621,4607,0
2622,4614,0
2623,4617,0
2624,4626,0
2625,4630,0
2626,4637,0
2627,4639,0
2628,4643,0
2629,4646,0
2630,4661,0
2631,4662,0
2632,4672,0
2633,4676,0
2634,4679,0
2635,4693,0
2636,4700,0
2637,4713,0
2638,4727,0
2639,4759,0
2640,4767,0
2641,4782,0
2642,4814,0
2643,4819,0
2644,4820,0
2645,4828,0
2646,4830,0
2647,4831,0
2648,4834,0
2649,4837,0
2650,4845,0
2651,4849,0
2652,4864,0
2653,4866,0
2654,4869,0
2655,4882,0
2656,4891,0
2657,4941,0
2658,4944,0
2659,4953,0
2660,4955,0
2661,4965,0
2662,4976,0
2663,4995,0
2664,4997,0
2665,4999,0
2666,5000,0
2667,5012,0
2668,5014,0
2669,5022,0
2670,5026,0
2671,5031,0
2672,5045,0
2673,5053,0
2674,5054,0
2675,5059,0
2676,5064,0
2677,5089,0
2678,5090,0
2679,5099,0
2680,5102,0
2681,5109,0
2682,5120,0
2683,5134,0
2684,5139,0
2685,5140,0
2686,5176,0
2687,5184,0
2688,5186,0
2689,5190,0
2690,5195,0
2691,5201,0
2692,5205,0
2693,5214,0
2694,5253,0
2695,5264,0
2696,5269,0
2697,5271,0
2698,5272,0
2699,5273,0
2700,5290,0
2701,5292,0
2702,5301,0
2703,5305,0
2704,5334,0
2705,5336,0
2706,5341,0
2707,5345,0
2708,5347,0
2709,5368,0
2710,5373,0
2711,5379,0
2712,5380,0
2713,5390,0
2714,5392,0
2715,5397,0
2716,5417,0
2717,5422,0
2718,5434,0
2719,5462,0
2720,5468,0
2721,5481,0
2722,5482,0
2723,5485,0
2724,5505,0
2725,5509,0
2726,5511,0
2727,5525,0
2728,5526,0
2729,5535,0
2730,5556,0
2731,5564,0
2732,5565,0
2733,5568,0
2734,5576,0
2735,5577,0
2736,5578,0
2737,5583,0
2738,5587,0
2739,5599,0
2740,5600,0
2741,5604,0
2742,5606,0
2743,5607,0
2744,5619,0
2745,5620,0
2746,5621,0
2747,5623,0
2748,5624,0
2749,5633,0
2750,5636,0
2751,5641,0
2752,5642,0
2753,5650,0
2754,5689,0
2755,5692,0
2756,5696,0
2757,5706,0
2758,5709,0
2759,5713,0
2760,5716,0
2761,5742,0
2762,5749,0
2763,5753,0
2764,5761,0
2765,5776,0
2766,5796,0
2767,5803,0
2768,5804,0
2769,5806,0
2770,5812,0
2771,5821,0
2772,5822,0
2773,5824,0
2774,5828,0
2775,5837,0
2776,5850,0
2777,5859,0
2778,5861,0
2779,5863,0
2780,5864,0
2781,5876,0
2782,5878,0
2783,5891,0
2784,5914,0
2785,5928,0
2786,5936,0
2787,5939,0
2788,5945,0
2789,5949,0
2790,5950,0
2791,5951,0
2792,5955,0
2793,5957,0
2794,5959,0
2795,5961,0
2796,5967,0
2797,5975,0
2798,5976,0
2799,5977,0
2800,5984,0
2801,5990,0
2802,5992,0
2803,5999,0
2804,6042,0
2805,6051,0
2806,6059,0
2807,6063,0
2808,6081,0
2809,6099,0
2810,6104,0
2811,6124,0
2812,6131,0
2813,6135,0
2814,6143,0
2815,6150,0
2816,6159,0
2817,6165,0
2818,6179,0
2819,6181,0
2820,6188,0
2821,6190,0
2822,6196,0
2823,6235,0
2824,6243,0
2825,6246,0
2826,6247,0
2827,6262,0
2828,6284,0
2829,6288,0
2830,6291,0
2831,6292,0
2832,6295,0
2833,6297,0
2834,6305,0
2835,6309,0
2836,6310,0
2837,6317,0
2838,6324,0
2839,6327,0
2840,6330,0
2841,6333,0
2842,6340,0
2843,6357,0
2844,6360,0
2845,6361,0
2846,6394,0
2847,6399,0
2848,6403,0
2849,6405,0
2850,6412,0
2851,6428,0
2852,6444,0
2853,6448,0
2854,6453,0
2855,6455,0
2856,6462,0
2857,6465,0
2858,6469,0
2859,6470,0
2860,6489,0
2861,6491,0
2862,6499,0
2863,6502,0
2864,6503,0
2865,6512,0
2866,6516,0
2867,6517,0
2868,6526,0
2869,6533,0
2870,6534,0
2871,6538,0
2872,6553,0
2873,6559,0
2874,6561,0
2875,6563,0
2876,6568,0
2877,6569,0
2878,6585,0
2879,6590,0
2880,6593,0
2881,6597,0
2882,6615,0
2883,6634,0
2884,6641,0
2885,6649,0
2886,6654,0
2887,6664,0
2888,6671,0
2889,6679,0
2890,6686,0
2891,6698,0
2892,6699,0
2893,6704,0
2894,6711,0
2895,6713,0
2896,6729,0
2897,6731,0
2898,6734,0
2899,6737,0
2900,6740,0
2901,6749,0
2902,6766,0
2903,6771,0
2904,6776,0
2905,6787,0
2906,6788,0
2907,6790,0
2908,6809,0
2909,6812,0
2910,6816,0
2911,6830,0
2912,6844,0
2913,6852,0
2914,6854,0
2915,6866,0
2916,6869,0
2917,6870,0
2918,6872,0
2919,6879,0
2920,6881,0
2921,6883,0
2922,6893,0
2923,6934,0
2924,6956,0
2925,6971,0
2926,6984,0
2927,6992,0
2928,7008,0
2929,7018,0
2930,7026,0
2931,7031,0
2932,7034,0
2933,7035,0
2934,7045,0
2935,7053,0
2936,7058,0
2937,7073,0
2938,7075,0
2939,7078,0
2940,7091,0
2941,7104,0
2942,7107,0
2943,7117,0
2944,7120,0
2945,7124,0
2946,7134,0
2947,7143,0
2948,7151,0
2949,7152,0
2950,7157,0
2951,7162,0
2952,7164,0
2953,7170,0
2954,7173,0
2955,7184,0
2956,7189,0
2957,7192,0
2958,7220,0
2959,7223,0
2960,7228,0
2961,7230,0
2962,7237,0
2963,7261,0
2964,7282,0
2965,7283,0
2966,7287,0
2967,7296,0
2968,7303,0
2969,7304,0
2970,7305,0
2971,7312,0
2972,7316,0
2973,7322,0
2974,7329,0
2975,7331,0
2976,7337,0
2977,7341,0
2978,7357,0
2979,7359,0
2980,7360,0
2981,7385,0
2982,7386,0
2983,7389,0
2984,7396,0
2985,7403,0
2986,7418,0
2987,7424,0
2988,7431,0
2989,7433,0
2990,7450,0
2991,7460,0
2992,7461,0
2993,7470,0
2994,7478,0
2995,7511,0
2996,7533,0
2997,7540,0
2998,7544,0
2999,7550,0
3000,7560,0
3001,7565,0
3002,7568,0
3003,7572,0
3004,7577,0
3005,7584,0
3006,7588,0
3007,7593,0
3008,7600,0
3009,7603,0
3010,7626,0
3011,7628,0
3012,7632,0
3013,7652,0
3014,7671,0
3015,7687,0
3016,7689,0
3017,7690,0
3018,7691,0
3019,7710,0
3020,7720,0
3021,7728,0
3022,7732,0
3023,7742,0
3024,7743,0
3025,7746,0
3026,7754,0
3027,7764,0
3028,7765,0
3029,7778,0
3030,7781,0
3031,7782,0
3032,7809,0
3033,7813,0
3034,7825,0
3035,7828,0
3036,7832,0
3037,7856,0
3038,7862,0
3039,7864,0
3040,7871,0
3041,7874,0
3042,7875,0
3043,7878,0
3044,7883,0
3045,7897,0
3046,7939,0
3047,7941,0
3048,7942,0
3049,7957,0
3050,7975,0
3051,7981,0
3052,7984,0
3053,7990,0
3054,7994,0
3055,7995,0
3056,8000,0
3057,8062,0
3058,8072,0
3059,8079,0
3060,8081,0
3061,8110,0
3062,8121,0
3063,8122,0
3064,8129,0
3065,8136,0
3066,8137,0
3067,8142,0
3068,8153,0
3069,8171,0
3070,8210,0
3071,8212,0
3072,8230,0
3073,8233,0
3074,8253,0
3075,8259,0
3076,8260,0
3077,8261,0
3078,8263,0
3079,8273,0
3080,8278,0
3081,8285,0
3082,8293,0
3083,8301,0
3084,8302,0
3085,8319,0
3086,8320,0
3087,8332,0
3088,8360,0
3089,8364,0
3090,8368,0
3091,8370,0
3092,8387,0
3093,8395,0
3094,8403,0
3095,8407,0
3096,8411,0
3097,8413,0
3098,8428,0
3099,8442,0
3100,8443,0
3101,8449,0
3102,8452,0
3103,8454,0
3104,8478,0
3105,8490,0
3106,8499,0
3107,8504,0
3108,8512,0
3109,8523,0
3110,8525,0
3111,8529,0
3112,8552,0
3113,8559,0
3114,8561,0
3115,8566,0
3116,8567,0
3117,8568,0
3118,8569,0
3119,8570,0
3120,8571,0
3121,8579,0
3122,8602,0
3123,8607,0
3124,8621,0
3125,8637,0
3126,8640,0
3127,8643,0
3128,8647,0
3129,8648,0
3130,8649,0
3131,8653,0
3132,8661,0
3133,8662,0
3134,8665,0
3135,8668,0
3136,8670,0
3137,8674,0
3138,8678,0
3139,8681,0
3140,8690,0
3141,8695,0
3142,8715,0
3143,8716,0
3144,8727,0
3145,8729,0
3146,8735,0
3147,8758,0
3148,8759,0
3149,8764,0
3150,8772,0
3151,8776,0
3152,8779,0
3153,8786,0
3154,8787,0
3155,8788,0
3156,8818,0
3157,8837,0
3158,8838,0
3159,8860,0
3160,8863,0
3161,8867,0
3162,8886,0
3163,8893,0
3164,8897,0
3165,8916,0
3166,8925,0
3167,8931,0
3168,8935,0
3169,8948,0
3170,8949,0
3171,8955,0
3172,8965,0
3173,8980,0
3174,8990,0
3175,9015,0
3176,9021,0
3177,9039,0
3178,9043,0
3179,9049,0
3180,9050,0
3181,9052,0
3182,9064,0
3183,9070,0
3184,9072,0
3185,9093,0
3186,9101,0
3187,9133,0
3188,9156,0
3189,9158,0
3190,9173,0
3191,9178,0
3192,9181,0
3193,9184,0
3194,9197,0
3195,9199,0
3196,9210,0
3197,9214,0
3198,9220,0
3199,9226,0
3200,9233,0
3201,9240,0
3202,9250,0
3203,9253,0
3204,9258,0
3205,9271,0
3206,9274,0
3207,9277,0
3208,9289,0
3209,9313,0
3210,9321,0
3211,9325,0
3212,9328,0
3213,9339,0
3214,9351,0
3215,9354,0
3216,9355,0
3217,9357,0
3218,9364,0
3219,9368,0
3220,9369,0
3221,9370,0
3222,9375,0
3223,9381,0
3224,9391,0
3225,9400,0
3226,9403,0
3227,9415,0
3228,9432,0
3229,9445,0
3230,9449,0
3231,9455,0
3232,9456,0
3233,9460,0
3234,9472,0
3235,9485,0
3236,9489,0
3237,9490,0
3238,9509,0
3239,9514,0
3240,9519,0
3241,9533,0
3242,9541,0
3243,9555,0
3244,9566,0
3245,9579,0
3246,9581,0
3247,9586,0
3248,9591,0
3249,9621,0
3250,9624,0
3251,9628,0
3252,9644,0
3253,9648,0
3254,9653,0
3255,9655,0
3256,9674,0
3257,9679,0
3258,9682,0
3259,9684,0
3260,9691,0
3261,9698,0
3262,9725,0
3263,9742,0
3264,9743,0
3265,9764,0
3266,9768,0
3267,9772,0
3268,9777,0
3269,9778,0
3270,9780,0
3271,9790,0
3272,9798,0
3273,9838,0
3274,9842,0
3275,9844,0
3276,9845,0
3277,9848,0
3278,9849,0
3279,9850,0
3280,9855,0
3281,9859,0
3282,9860,0
3283,9862,0
3284,9870,0
3285,9874,0
3286,9876,0
3287,9892,0
3288,9897,0
3289,9907,0
3290,9911,0
3291,9916,0
3292,9917,0
3293,9936,0
3294,9937,0
3295,9965,0
3296,9974,0
3297,9975,0
3298,9978,0
3299,9979,0
3300,9988,0
3301,9990,0
3302,9998,0
3303,10000,0
3304,10010,0
3305,10012,0
3306,10016,0
3307,10021,0
3308,10025,0
3309,10030,0
3310,10031,0
3311,10036,0
3312,10042,0
3313,10047,0
3314,10052,0
3315,10053,0
3316,10078,0
3317,10080,0
3318,10093,0
3319,10110,0
3320,10119,0
3321,10123,0
3322,10124,0
3323,10132,0
3324,10144,0
3325,10164,0
3326,10169,0
3327,10176,0
3328,10178,0
3329,10190,0
3330,10193,0
3331,10207,0
3332,10208,0
3333,10219,0
3334,10229,0
3335,10246,0
3336,10258,0
3337,10259,0
3338,10263,0
3339,10291,0
3340,10301,0
3341,10319,0
3342,10336,0
3343,10345,0
3344,10351,0
3345,10359,0
3346,10363,0
3347,10368,0
3348,10369,0
3349,10371,0
3350,10372,0
3351,10378,0
3352,10382,0
3353,10384,0
3354,10393,0
3355,10395,0
3356,10397,0
3357,10402,0
3358,10404,0
3359,10418,0
3360,10423,0
3361,10430,0
3362,10431,0
3363,10434,0
3364,10438,0
3365,10471,0
3366,10475,0
3367,10484,0
3368,10489,0
3369,10531,0
3370,10532,0
3371,10564,0
3372,10566,0
3373,10569,0
3374,10583,0
3375,10593,0
3376,10595,0
3377,10603,0
3378,10607,0
3379,10610,0
3380,10619,0
3381,10620,0
3382,10627,0
3383,10643,0
3384,10653,0
3385,10661,0
3386,10669,0
3387,10675,0
3388,10686,0
3389,10700,0
3390,10701,0
3391,10710,0
3392,10712,0
3393,10717,0
3394,10725,0
3395,10727,0
3396,10734,0
3397,10739,0
3398,10744,0
3399,10747,0
3400,10752,0
3401,10755,0
3402,10778,0
3403,10782,0
3404,10788,0
3405,10803,0
3406,10808,0
3407,10817,0
3408,10829,0
3409,10848,0
3410,10851,0
3411,10858,0
3412,10866,0
3413,10867,0
3414,10870,0
3415,10873,0
3416,10875,0
3417,10881,0
3418,10885,0
3419,10888,0
3420,10894,0
3421,10896,0
3422,10897,0
3423,10906,0
3424,10920,0
3425,10927,0
3426,10944,0
3427,10947,0
3428,10951,0
3429,10956,0
3430,10958,0
3431,10963,0
3432,10967,0
3433,10971,0
3434,10979,0
3435,10984,0
3436,10985,0
3437,10986,0
3438,10989,0
3439,10999,0
3440,11020,0
3441,11021,0
3442,11022,0
3443,11028,0
3444,11068,0
3445,11069,0
3446,11076,0
3447,11081,0
3448,11085,0
3449,11092,0
3450,11125,0
3451,11153,0
3452,11159,0
3453,11165,0
3454,11166,0
3455,11168,0
3456,11199,0
3457,11201,0
3458,11202,0
3459,11206,0
3460,11216,0
3461,11222,0
3462,11230,0
3463,11245,0
3464,11249,0
3465,11255,0
3466,11280,0
3467,11288,0
3468,11299,0
3469,11309,0
3470,11310,0
3471,11321,0
3472,11323,0
3473,11325,0
3474,11340,0
3475,11359,0
3476,11381,0
3477,11385,0
3478,11387,0
3479,11392,0
3480,11400,0
3481,11406,0
3482,11412,0
3483,11413,0
3484,11414,0
3485,11422,0
3486,11444,0
3487,11449,0
3488,11457,0
3489,11459,0
3490,11461,0
3491,11464,0
3492,11479,0
3493,11490,0
3494,11501,0
3495,11506,0
3496,11523,0
3497,11529,0
3498,11535,0
3499,11541,0
3500,11548,0
3501,11563,0
3502,11564,0
3503,11568,0
3504,11569,0
3505,11579,0
3506,11610,0
3507,11613,0
3508,11627,0
3509,11645,0
3510,11647,0
3511,11656,0
3512,11666,0
3513,11674,0
3514,11690,0
3515,11712,0
3516,11718,0
3517,11728,0
3518,11732,0
3519,11734,0
3520,11737,0
3521,11757,0
3522,11762,0
3523,11763,0
3524,11768,0
3525,11786,0
3526,11792,0
3527,11796,0
3528,11797,0
3529,11799,0
3530,11802,0
3531,11841,0
3532,11851,0
3533,11858,0
3534,11862,0
3535,11876,0
3536,11882,0
3537,11885,0
3538,11886,0
3539,11889,0
3540,11895,0
3541,11910,0
3542,11915,0
3543,11917,0
3544,11919,0
3545,11952,0
3546,11955,0
3547,11961,0
3548,11966,0
3549,11971,0
3550,11979,0
3551,11985,0
3552,11996,0
3553,12009,0
3554,12015,0
3555,12020,0
3556,12021,0
3557,12027,0
3558,12031,0
3559,12033,0
3560,12038,0
3561,12039,0
3562,12053,0
3563,12057,0
3564,12064,0
3565,12075,0
3566,12077,0
3567,12082,0
3568,12093,0
3569,12095,0
3570,12096,0
3571,12108,0
3572,12111,0
3573,12112,0
3574,12113,0
3575,12131,0
3576,12138,0
3577,12140,0
3578,12141,0
3579,12142,0
3580,12152,0
3581,12165,0
3582,12171,0
3583,12180,0
3584,12208,0
3585,12209,0
3586,12224,0
3587,12226,0
3588,12228,0
3589,12229,0
3590,12248,0
3591,12250,0
3592,12260,0
3593,12273,0
3594,12277,0
3595,12285,0
3596,12296,0
3597,12311,0
3598,12313,0
3599,12324,0
3600,12326,0
3601,12334,0
3602,12341,0
3603,12342,0
3604,12358,0
3605,12367,0
3606,12374,0
3607,12377,0
3608,12396,0
3609,12408,0
3610,12412,0
3611,12415,0
3612,12440,0
3613,12444,0
3614,12446,0
3615,12461,0
3616,12467,0
3617,12470,0
3618,12475,0
3619,12480,0
3620,12484,0
3621,12506,0
3622,12510,0
3623,12511,0
3624,12522,0
3625,12527,0
3626,12529,0
3627,12540,0
3628,12556,0
3629,12558,0
3630,12565,0
3631,12590,0
3632,12595,0
3633,12602,0
3634,12606,0
3635,12608,0
3636,12612,0
3637,12624,0
3638,12626,0
3639,12631,0
3640,12633,0
3641,12643,0
3642,12647,0
3643,12662,0
3644,12667,0
3645,12669,0
3646,12676,0
3647,12680,0
3648,12690,0
3649,12710,0
3650,12718,0
3651,12719,0
3652,12727,0
3653,12743,0
3654,12756,0
3655,12758,0
3656,12763,0
3657,12769,0
3658,12776,0
3659,12786,0
3660,12789,0
3661,12792,0
3662,12794,0
3663,12830,0
3664,12834,0
3665,12840,0
3666,12843,0
3667,12850,0
3668,12856,0
3669,12859,0
3670,12862,0
3671,12866,0
3672,12881,0
3673,12883,0
3674,12888,0
3675,12896,0
3676,12911,0
3677,12915,0
3678,12921,0
3679,12927,0
3680,12928,0
3681,12929,0
3682,12939,0
3683,12945,0
3684,12946,0
3685,12954,0
3686,12981,0
3687,12994,0
3688,12999,0
3689,13002,0
3690,13004,0
3691,13009,0
3692,13016,0
3693,13019,0
3694,13042,0
3695,13043,0
3696,13048,0
3697,13066,0
3698,13070,0
3699,13081,0
3700,13087,0
3701,13094,0
3702,13111,0
3703,13113,0
3704,13119,0
3705,13133,0
3706,13134,0
3707,13136,0
3708,13151,0
3709,13171,0
3710,13181,0
3711,13192,0
3712,13199,0
3713,13204,0
3714,13214,0
3715,13216,0
3716,13221,0
3717,13223,0
3718,13224,0
3719,13225,0
3720,13226,0
3721,13241,0
3722,13256,0
3723,13260,0
3724,13261,0
3725,13279,0
3726,13293,0
3727,13300,0
3728,13302,0
3729,13309,0
3730,13317,0
3731,13327,0
3732,13328,0
3733,13336,0
3734,13344,0
3735,13347,0
3736,13348,0
3737,13356,0
3738,13362,0
3739,13363,0
3740,13364,0
3741,13369,0
3742,13377,0
3743,13379,0
3744,13386,0
3745,13387,0
3746,13403,0
3747,13405,0
3748,13408,0
3749,13409,0
3750,13412,0
3751,13419,0
3752,13428,0
3753,13436,0
3754,13438,0
3755,13440,0
3756,13442,0
3757,13444,0
3758,13471,0
3759,13474,0
3760,13483,0
3761,13488,0
3762,13498,0
3763,13525,0
3764,13530,0
3765,13543,0
3766,13560,0
3767,13563,0
3768,13577,0
3769,13593,0
3770,13609,0
3771,13617,0
3772,13625,0
3773,13631,0
3774,13632,0
3775,13637,0
3776,13653,0
3777,13664,0
3778,13665,0
3779,13670,0
3780,13676,0
3781,13679,0
3782,13684,0
3783,13687,0
3784,13688,0
3785,13689,0
3786,13692,0
3787,13693,0
3788,13694,0
3789,13699,0
3790,13701,0
3791,13710,0
3792,13716,0
3793,13727,0
3794,13734,0
3795,13747,0
3796,13748,0
3797,13751,0
3798,13753,0
3799,13761,0
3800,13768,0
3801,13769,0
3802,13770,0
3803,13785,0
3804,13799,0
3805,13809,0
3806,13815,0
3807,13821,0
3808,13826,0
3809,13837,0
3810,13838,0
3811,13847,0
3812,13851,0
3813,13853,0
3814,13859,0
3815,13869,0
3816,13883,0
3817,13886,0
3818,13887,0
3819,13914,0
3820,13917,0
3821,13927,0
3822,13934,0
3823,13956,0
3824,13962,0
3825,13975,0
3826,13983,0
3827,13987,0
3828,13999,0
3829,14012,0
3830,14021,0
3831,14024,0
3832,14032,0
3833,14048,0
3834,14053,0
3835,14088,0
3836,14090,0
3837,14093,0
3838,14101,0
3839,14103,0
3840,14107,0
3841,14119,0
3842,14125,0
3843,14128,0
3844,14135,0
3845,14158,0
3846,14161,0
3847,14168,0
3848,14183,0
3849,14184,0
3850,14198,0
3851,14233,0
3852,14236,0
3853,14241,0
3854,14256,0
3855,14257,0
3856,14264,0
3857,14265,0
3858,14272,0
3859,14297,0
3860,14312,0
3861,14314,0
3862,14319,0
3863,14327,0
3864,14335,0
3865,14343,0
3866,14357,0
3867,14370,0
3868,14381,0
3869,14385,0
3870,14389,0
3871,14390,0
3872,14391,0
3873,14392,0
3874,14396,0
3875,14405,0
3876,14407,0
3877,14410,0
3878,14412,0
3879,14414,0
3880,14426,0
3881,14431,0
3882,14438,0
3883,14459,0
3884,14460,0
3885,14462,0
3886,14476,0
3887,14487,0
3888,14502,0
3889,14530,0
3890,14533,0
3891,14539,0
3892,14545,0
3893,14554,0
3894,14556,0
3895,14561,0
3896,14562,0
3897,14581,0
3898,14591,0
3899,14606,0
3900,14609,0
3901,14622,0
3902,14630,0
3903,14636,0
3904,14640,0
3905,14649,0
3906,14660,0
3907,14662,0
3908,14676,0
3909,14688,0
3910,14701,0
3911,14704,0
3912,14725,0
3913,14738,0
3914,14739,0
3915,14742,0
3916,14743,0
3917,14747,0
3918,14753,0
3919,14755,0
3920,14763,0
3921,14768,0
3922,14781,0
3923,14801,0
3924,14815,0
3925,14832,0
3926,14840,0
3927,14845,0
3928,14863,0
3929,14864,0
3930,14875,0
3931,14879,0
3932,14880,0
3933,14895,0
3934,14897,0
3935,14904,0
3936,14906,0
3937,14911,0
3938,14914,0
3939,14921,0
3940,14934,0
3941,14939,0
3942,14950,0
3943,14954,0
3944,14956,0
3945,14957,0
3946,14960,0
3947,14963,0
3948,14967,0
3949,14968,0
3950,14969,0
3951,14971,0
3952,14975,0
3953,14979,0
3954,14990,0
3955,14997,0
3956,14998,0
3957,14999,0
3958,15003,0
3959,15007,0
3960,15013,0
3961,15027,0
3962,15036,0
3963,15047,0
3964,15055,0
3965,15071,0
3966,15075,0
3967,15078,0
3968,15079,0
3969,15080,0
3970,15085,0
3971,15094,0
3972,15096,0
3973,15099,0
3974,15109,0
3975,15116,0
3976,15119,0
3977,15123,0
3978,15135,0
3979,15138,0
3980,15140,0
3981,15143,0
3982,15146,0
3983,15148,0
3984,15151,0
3985,15182,0
3986,15184,0
3987,15189,0
3988,15192,0
3989,15193,0
3990,15199,0
3991,15204,0
3992,15220,0
3993,15228,0
3994,15233,0
3995,15246,0
3996,15258,0
3997,15262,0
3998,15266,0
3999,15271,0
4000,15301,0
4001,15302,0
4002,15326,0
4003,15330,0
4004,15331,0
4005,15362,0
4006,15363,0
4007,15367,0
4008,15374,0
4009,15379,0
4010,15380,0
4011,15392,0
4012,15394,0
4013,15396,0
4014,15397,0
4015,15402,0
4016,15404,0
4017,15408,0
4018,15414,0
4019,15416,0
4020,15427,0
4021,15429,0
4022,15433,0
4023,15463,0
4024,15475,0
4025,15492,0
4026,15497,0
4027,15505,0
4028,15507,0
4029,15510,0
4030,15520,0
4031,15530,0
4032,15547,0
4033,15554,0
4034,15582,0
4035,15587,0
4036,15593,0
4037,15596,0
4038,15597,0
4039,15605,0
4040,15613,0
4041,15617,0
4042,15621,0
4043,15631,0
4044,15635,0
4045,15658,0
4046,15666,0
4047,15669,0
4048,15688,0
4049,15693,0
4050,15703,0
4051,15712,0
4052,15716,0
4053,15730,0
4054,15732,0
4055,15734,0
4056,15737,0
4057,15744,0
4058,15755,0
4059,15769,0
4060,15776,0
4061,15791,0
4062,15795,0
4063,15798,0
4064,15802,0
4065,15808,0
4066,15812,0
4067,15826,0
4068,15848,0
4069,15878,0
4070,15880,0
4071,15905,0
4072,15913,0
4073,15918,0
4074,15927,0
4075,15950,0
4076,15952,0
4077,15956,0
4078,15957,0
4079,15975,0
4080,15989,0
4081,16000,0
4082,16004,0
4083,16009,0
4084,16037,0
4085,16060,0
4086,16100,0
4087,16114,0
4088,16115,0
4089,16129,0
4090,16159,0
4091,16165,0
4092,16168,0
4093,16180,0
4094,16186,0
4095,16190,0
4096,16204,0
4097,16207,0
4098,16211,0
4099,16222,0
4100,16240,0
4101,16257,0
4102,16269,0
4103,16271,0
4104,16278,0
4105,16281,0
4106,16313,0
4107,16318,0
4108,16341,0
4109,16342,0
4110,16343,0
4111,16356,0
4112,16372,0
4113,16373,0
4114,16391,0
4115,16394,0
4116,16409,0
4117,16423,0
4118,16429,0
4119,16434,0
4120,16449,0
4121,16450,0
4122,16451,0
4123,16453,0
4124,16473,0
4125,16477,0
4126,16482,0
4127,16487,0
4128,16501,0
4129,16509,0
4130,16524,0
4131,16532,0
4132,16534,0
4133,16535,0
4134,16538,0
4135,16540,0
4136,16548,0
4137,16553,0
4138,16563,0
4139,16566,0
4140,16580,0
4141,16581,0
4142,16610,0
4143,16619,0
4144,16622,0
4145,16628,0
4146,16636,0
4147,16637,0
4148,16642,0
4149,16659,0
4150,16660,0
4151,16666,0
4152,16671,0
4153,16676,0
4154,16699,0
4155,16702,0
4156,16707,0
4157,16717,0
4158,16729,0
4159,16736,0
4160,16737,0
4161,16748,0
4162,16755,0
4163,16759,0
4164,16784,0
4165,16798,0
4166,16804,0
4167,16808,0
4168,16819,0
4169,16822,0
4170,16825,0
4171,16832,0
4172,16842,0
4173,16843,0
4174,16851,0
4175,16853,0
4176,16860,0
4177,16862,0
4178,16878,0
4179,16879,0
4180,16888,0
4181,16905,0
4182,16914,0
4183,16919,0
4184,16930,0
4185,16931,0
4186,16944,0
4187,16958,0
4188,16960,0
4189,16963,0
4190,16965,0
4191,16966,0
4192,16982,0
4193,16984,0
4194,16985,0
4195,16999,0
4196,17019,0
4197,17027,0
4198,17037,0
4199,17072,0
4200,17073,0
4201,17083,0
4202,17097,0
4203,17118,0
4204,17123,0
4205,17125,0
4206,17127,0
4207,17131,0
4208,17135,0
4209,17146,0
4210,17153,0
4211,17157,0
4212,17159,0
4213,17180,0
4214,17182,0
4215,17199,0
4216,17210,0
4217,17226,0
4218,17227,0
4219,17228,0
4220,17230,0
4221,17281,0
4222,17285,0
4223,17293,0
4224,17303,0
4225,17309,0
4226,17327,0
4227,17354,0
4228,17357,0
4229,17384,0
4230,17388,0
4231,17390,0
4232,17393,0
4233,17399,0
4234,17401,0
4235,17402,0
4236,17411,0
4237,17425,0
4238,17435,0
4239,17448,0
4240,17468,0
4241,17476,0
4242,17479,0
4243,17489,0
4244,17495,0
4245,17510,0
4246,17522,0
4247,17523,0
4248,17527,0
4249,17532,0
4250,17536,0
4251,17555,0
4252,17557,0
4253,17567,0
4254,17572,0
4255,17575,0
4256,17580,0
4257,17594,0
4258,17596,0
4259,17617,0
4260,17624,0
4261,17631,0
4262,17633,0
4263,17637,0
4264,17643,0
4265,17645,0
4266,17646,0
4267,17648,0
4268,17649,0
4269,17674,0
4270,17701,0
4271,17716,0
4272,17717,0
4273,17724,0
4274,17743,0
4275,17760,0
4276,17770,0
4277,17771,0
4278,17772,0
4279,17778,0
4280,17803,0
4281,17826,0
4282,17830,0
4283,17834,0
4284,17838,0
4285,17858,0
4286,17865,0
4287,17886,0
4288,17887,0
4289,17894,0
4290,17900,0
4291,17950,0
4292,17954,0
4293,17955,0
4294,17959,0
4295,17970,0
4296,17986,0
4297,17996,0
4298,18003,0
4299,18033,0
4300,18038,0
4301,18047,0
4302,18055,0
4303,18062,0
4304,18069,0
4305,18094,0
4306,18096,0
4307,18106,0
4308,18107,0
4309,18116,0
4310,18120,0
4311,18121,0
4312,18125,0
4313,18128,0
4314,18146,0
4315,18173,0
4316,18185,0
4317,18192,0
4318,18204,0
4319,18212,0
4320,18225,0
4321,18246,0
4322,18252,0
4323,18276,0
4324,18284,0
4325,18289,0
4326,18296,0
4327,18298,0
4328,18309,0
4329,18321,0
4330,18324,0
4331,18327,0
4332,18333,0
4333,18344,0
4334,18386,0
4335,18412,0
4336,18414,0
4337,18427,0
4338,18435,0
4339,18439,0
4340,18441,0
4341,18446,0
4342,18448,0
4343,18454,0
4344,18464,0
4345,18466,0
4346,18469,0
4347,18485,0
4348,18488,0
4349,18494,0
4350,18497,0
4351,18506,0
4352,18511,0
4353,18518,0
4354,18529,0
4355,18534,0
4356,18535,0
4357,18538,0
4358,18565,0
4359,18584,0
4360,18603,0
4361,18608,0
4362,18624,0
4363,18641,0
4364,18672,0
4365,18673,0
4366,18677,0
4367,18682,0
4368,18697,0
4369,18700,0
4370,18703,0
4371,18709,0
4372,18710,0
4373,18723,0
4374,18725,0
4375,18729,0
4376,18730,0
4377,18738,0
4378,18740,0
4379,18742,0
4380,18747,0
4381,18750,0
4382,18754,0
4383,18772,0
4384,18773,0
4385,18784,0
4386,18799,0
4387,18810,0
4388,18813,0
4389,18821,0
4390,18860,0
4391,18864,0
4392,18871,0
4393,18874,0
4394,18881,0
4395,18883,0
4396,18892,0
4397,18894,0
4398,18904,0
4399,18905,0
4400,18909,0
4401,18910,0
4402,18917,0
4403,18922,0
4404,18924,0
4405,18925,0
4406,18927,0
4407,18930,0
4408,18946,0
4409,18950,0
4410,18956,0
4411,18957,0
4412,18963,0
4413,18968,0
4414,18976,0
4415,18977,0
4416,18978,0
4417,18984,0
4418,18990,0
4419,18996,0
4420,18999,0
4421,19005,0
4422,19014,0
4423,19017,0
4424,19034,0
4425,19035,0
4426,19042,0
4427,19068,0
4428,19071,0
4429,19081,0
4430,19087,0
4431,19095,0
4432,19107,0
4433,19108,0
4434,19109,0
4435,19123,0
4436,19132,0
4437,19133,0
4438,19135,0
4439,19139,0
4440,19144,0
4441,19149,0
4442,19157,0
4443,19167,0
4444,19171,0
4445,19177,0
4446,19180,0
4447,19189,0
4448,19192,0
4449,19197,0
4450,19203,0
4451,19216,0
4452,19219,0
4453,19223,0
4454,19225,0
4455,19226,0
4456,19252,0
4457,19260,0
4458,19267,0
4459,19268,0
4460,19272,0
4461,19274,0
4462,19283,0
4463,19286,0
4464,19288,0
4465,19298,0
4466,19324,0
4467,19325,0
4468,19334,0
4469,19337,0
4470,19338,0
4471,19350,0
4472,19353,0
4473,19357,0
4474,19374,0
4475,19381,0
4476,19395,0
4477,19399,0
4478,19406,0
4479,19408,0
4480,19411,0
4481,19414,0
4482,19417,0
4483,19418,0
4484,19421,0
4485,19422,0
4486,19431,0
4487,19444,0
4488,19446,0
4489,19451,0
4490,19452,0
4491,19458,0
4492,19463,0
4493,19467,0
4494,19476,0
4495,19479,0
4496,19484,0
4497,19503,0
4498,19510,0
4499,19513,0
4500,19522,0
4501,19528,0
4502,19532,0
4503,19535,0
4504,19543,0
4505,19545,0
4506,19550,0
4507,19554,0
4508,19558,0
4509,19565,0
4510,19579,0
4511,19581,0
4512,19585,0
4513,19591,0
4514,19595,0
4515,19616,0
4516,19619,0
4517,19624,0
4518,19626,0
4519,19642,0
4520,19672,0
4521,19678,0
4522,19679,0
4523,19680,0
4524,19681,0
4525,19692,0
4526,19694,0
4527,19699,0
4528,19705,0
4529,19711,0
4530,19718,0
4531,19739,0
4532,19747,0
4533,19748,0
4534,19759,0
4535,19763,0
4536,19767,0
4537,19774,0
4538,19775,0
4539,19781,0
4540,19785,0
4541,19790,0
4542,19791,0
4543,19792,0
4544,19800,0
4545,19801,0
4546,19811,0
4547,19812,0
4548,19853,0
4549,19858,0
4550,19859,0
4551,19868,0
4552,19889,0
4553,19895,0
4554,19902,0
4555,19904,0
4556,19918,0
4557,19920,0
4558,19933,0
4559,19935,0
4560,19939,0
4561,19940,0
4562,19945,0
4563,19946,0
4564,19947,0
4565,19951,0
4566,19966,0
4567,19968,0
4568,19969,0
4569,19972,0
4570,19987,0
4571,19994,0
4572,19995,0
4573,20009,0
4574,20010,0
4575,20018,0
4576,20024,0
4577,20025,0
4578,20038,0
4579,20044,0
4580,20045,0
4581,20048,0
4582,20056,0
4583,20064,0
4584,20066,0
4585,20068,0
4586,20069,0
4587,20074,0
4588,20075,0
4589,20077,0
4590,20085,0
4591,20094,0
4592,20098,0
4593,20107,0
4594,20108,0
4595,20112,0
4596,20126,0
4597,20132,0
4598,20140,0
4599,20144,0
4600,20158,0
4601,20162,0
4602,20163,0
4603,20165,0
4604,20167,0
4605,20175,0
4606,20176,0
4607,20179,0
4608,20192,0
4609,20193,0
4610,20198,0
4611,20200,0
4612,20203,0
4613,20214,0
4614,20233,0
4615,20248,0
4616,20251,0
4617,20259,0
4618,20275,0
4619,20284,0
4620,20297,0
4621,20301,0
4622,20305,0
4623,20312,0
4624,20313,0
4625,20317,0
4626,20320,0
4627,20326,0
4628,20340,0
4629,20349,0
4630,20351,0
4631,20352,0
4632,20353,0
4633,20362,0
4634,20370,0
4635,20383,0
4636,20384,0
4637,20398,0
4638,20402,0
4639,20410,0
4640,20419,0
4641,20424,0
4642,20435,0
4643,20445,0
4644,20450,0
4645,20457,0
4646,20458,0
4647,20460,0
4648,20490,0
4649,20502,0
4650,20509,0
4651,20510,0
4652,20513,0
4653,20530,0
4654,20534,0
4655,20541,0
4656,20551,0
4657,20553,0
4658,20559,0
4659,20564,0
4660,20568,0
4661,20571,0
4662,20577,0
4663,20591,0
4664,20596,0
4665,20602,0
4666,20609,0
4667,20621,0
4668,20630,0
4669,20637,0
4670,20656,0
4671,20670,0
4672,20677,0
4673,20683,0
4674,20686,0
4675,20692,0
4676,20694,0
4677,20701,0
4678,20709,0
4679,20718,0
4680,20748,0
4681,20752,0
4682,20760,0
4683,20763,0
4684,20766,0
4685,20770,0
4686,20773,0
4687,20774,0
4688,20785,0
4689,20802,0
4690,20806,0
4691,20807,0
4692,20817,0
4693,20818,0
4694,20819,0
4695,20823,0
4696,20826,0
4697,20828,0
4698,20835,0
4699,20858,0
4700,20860,0
4701,20863,0
4702,20865,0
4703,20873,0
4704,20891,0
4705,20894,0
4706,20895,0
4707,20897,0
4708,20899,0
4709,20909,0
4710,20923,0
4711,20934,0
4712,20945,0
4713,20947,0
4714,20948,0
4715,20953,0
4716,20959,0
4717,20969,0
4718,20971,0
4719,20986,0
4720,20998,0
4721,21006,0
4722,21007,0
4723,21022,0
4724,21025,0
4725,21035,0
4726,21036,0
4727,21039,0
4728,21062,0
4729,21067,0
4730,21086,0
4731,21091,0
4732,21093,0
4733,21101,0
4734,21118,0
4735,21127,0
4736,21132,0
4737,21133,0
4738,21140,0
4739,21143,0
4740,21150,0
4741,21153,0
4742,21159,0
4743,21160,0
4744,21164,0
4745,21180,0
4746,21190,0
4747,21193,0
4748,21194,0
4749,21201,0
4750,21212,0
4751,21214,0
4752,21219,0
4753,21232,0
4754,21239,0
4755,21246,0
4756,21253,0
4757,21259,0
4758,21279,0
4759,21305,0
4760,21316,0
4761,21319,0
4762,21339,0
4763,21340,0
4764,21346,0
4765,21351,0
4766,21383,0
4767,21410,0
4768,21414,0
4769,21423,0
4770,21424,0
4771,21431,0
4772,21440,0
4773,21443,0
4774,21461,0
4775,21462,0
4776,21477,0
4777,21480,0
4778,21482,0
4779,21485,0
4780,21492,0
4781,21496,0
4782,21511,0
4783,21515,0
4784,21543,0
4785,21553,0
4786,21587,0
4787,21589,0
4788,21594,0
4789,21595,0
4790,21614,0
4791,21621,0
4792,21630,0
4793,21632,0
4794,21644,0
4795,21650,0
4796,21651,0
4797,21669,0
4798,21671,0
4799,21679,0
4800,21697,0
4801,21698,0
4802,21710,0
4803,21713,0
4804,21714,0
4805,21721,0
4806,21726,0
4807,21729,0
4808,21733,0
4809,21735,0
4810,21744,0
4811,21753,0
4812,21765,0
4813,21767,0
4814,21768,0
4815,21770,0
4816,21773,0
4817,21774,0
4818,21800,0
4819,21809,0
4820,21827,0
4821,21828,0
4822,21833,0
4823,21837,0
4824,21850,0
4825,21851,0
4826,21854,0
4827,21858,0
4828,21859,0
4829,21860,0
4830,21879,0
4831,21885,0
4832,21893,0
4833,21902,0
4834,21903,0
4835,21915,0
4836,21919,0
4837,21925,0
4838,21929,0
4839,21934,0
4840,21943,0
4841,21957,0
4842,21962,0
4843,21964,0
4844,21969,0
4845,21987,0
4846,21989,0
4847,21996,0
4848,22000,0
4849,22018,0
4850,22037,0
4851,22046,0
4852,22049,0
4853,22051,0
4854,22054,0
4855,22067,0
4856,22073,0
4857,22080,0
4858,22099,0
4859,22113,0
4860,22117,0
4861,22126,0
4862,22139,0
4863,22140,0
4864,22152,0
4865,22162,0
4866,22166,0
4867,22171,0
4868,22180,0
4869,22191,0
4870,22201,0
4871,22202,0
4872,22212,0
4873,22215,0
4874,22217,0
4875,22235,0
4876,22249,0
4877,22251,0
4878,22253,0
4879,22275,0
4880,22277,0
4881,22278,0
4882,22283,0
4883,22293,0
4884,22295,0
4885,22298,0
4886,22322,0
4887,22324,0
4888,22329,0
4889,22351,0
4890,22352,0
4891,22357,0
4892,22358,0
4893,22360,0
4894,22361,0
4895,22365,0
4896,22371,0
4897,22383,0
4898,22386,0
4899,22388,0
4900,22400,0
4901,22408,0
4902,22410,0
4903,22423,0
4904,22425,0
4905,22440,0
4906,22452,0
4907,22455,0
4908,22456,0
4909,22459,0
4910,22469,0
4911,22471,0
4912,22476,0
4913,22482,0
4914,22483,0
4915,22487,0
4916,22488,0
4917,22490,0
4918,22499,0
4919,22506,0
4920,22508,0
4921,22513,0
4922,22514,0
4923,22518,0
4924,22528,0
4925,22531,0
4926,22553,0
4927,22558,0
4928,22559,0
4929,22560,0
4930,22574,0
4931,22575,0
4932,22576,0
4933,22582,0
4934,22601,0
4935,22604,0
4936,22610,0
4937,22614,0
4938,22622,0
4939,22632,0
4940,22636,0
4941,22642,0
4942,22654,0
4943,22660,0
4944,22661,0
4945,22666,0
4946,22673,0
4947,22674,0
4948,22676,0
4949,22679,0
4950,22690,0
4951,22694,0
4952,22717,0
4953,22731,0
4954,22746,0
4955,22748,0
4956,22756,0
4957,22759,0
4958,22762,0
4959,22768,0
4960,22769,0
4961,22770,0
4962,22771,0
4963,22772,0
4964,22774,0
4965,22777,0
4966,22778,0
4967,22780,0
4968,22796,0
4969,22798,0
4970,22808,0
4971,22818,0
4972,22823,0
4973,22835,0
4974,22836,0
4975,22845,0
4976,22847,0
4977,22849,0
4978,22855,0
4979,22858,0
4980,22868,0
4981,22873,0
4982,22875,0
4983,22876,0
4984,22884,0
4985,22903,0
4986,22917,0
4987,22928,0
4988,22932,0
4989,22933,0
4990,22935,0
4991,22940,0
4992,22941,0
4993,22952,0
4994,22956,0
4995,22959,0
4996,22964,0
4997,22984,0
4998,22988,0
4999,22992,0
5000,22996,0
5001,23003,0
5002,23008,0
5003,23030,0
5004,23039,0
5005,23042,0
5006,23044,0
5007,23051,0
5008,23058,0
5009,23065,0
5010,23067,0
5011,23069,0
5012,23076,0
5013,23086,0
5014,23097,0
5015,23108,0
5016,23117,0
5017,23132,0
5018,23142,0
5019,23154,0
5020,23161,0
5021,23164,0
5022,23165,0
5023,23174,0
5024,23178,0
5025,23182,0
5026,23187,0
5027,23188,0
5028,23195,0
5029,23202,0
5030,23212,0
5031,23213,0
5032,23224,0
5033,23225,0
5034,23228,0
5035,23231,0
5036,23235,0
5037,23236,0
5038,23239,0
5039,23241,0
5040,23246,0
5041,23256,0
5042,23257,0
5043,23268,0
5044,23284,0
5045,23289,0
5046,23291,0
5047,23295,0
5048,23296,0
5049,23299,0
5050,23301,0
5051,23314,0
5052,23325,0
5053,23326,0
5054,23332,0
5055,23334,0
5056,23347,0
5057,23348,0
5058,23351,0
5059,23355,0
5060,23371,0
5061,23375,0
5062,23379,0
5063,23380,0
5064,23394,0
5065,23396,0
5066,23414,0
5067,23441,0
5068,23447,0
5069,23462,0
5070,23464,0
5071,23467,0
5072,23504,0
5073,23507,0
5074,23513,0
5075,23516,0
5076,23519,0
5077,23522,0
5078,23525,0
5079,23534,0
5080,23544,0
5081,23549,0
5082,23560,0
5083,23562,0
5084,23564,0
5085,23577,0
5086,23584,0
5087,23586,0
5088,23588,0
5089,23592,0
5090,23596,0
5091,23628,0
5092,23635,0
5093,23638,0
5094,23648,0
5095,23660,0
5096,23662,0
5097,23683,0
5098,23693,0
5099,23694,0
5100,23704,0
5101,23712,0
5102,23715,0
5103,23723,0
5104,23724,0
5105,23725,0
5106,23727,0
5107,23729,0
5108,23738,0
5109,23739,0
5110,23740,0
5111,23750,0
5112,23751,0
5113,23766,0
5114,23771,0
5115,23777,0
5116,23795,0
5117,23796,0
5118,23800,0
5119,23801,0
5120,23802,0
5121,23805,0
5122,23808,0
5123,23827,0
5124,23831,0
5125,23837,0
5126,23849,0
5127,23862,0
5128,23874,0
5129,23881,0
5130,23887,0
5131,23891,0
5132,23895,0
5133,23901,0
5134,23903,0
5135,23907,0
5136,23916,0
5137,23925,0
5138,23963,0
5139,23999,0
5140,24031,0
5141,24032,0
5142,24041,0
5143,24044,0
5144,24048,0
5145,24058,0
5146,24069,0
5147,24074,0
5148,24077,0
5149,24085,0
5150,24092,0
5151,24108,0
5152,24112,0
5153,24119,0
5154,24120,0
5155,24139,0
5156,24144,0
5157,24145,0
5158,24149,0
5159,24153,0
5160,24164,0
5161,24167,0
5162,24183,0
5163,24191,0
5164,24202,0
5165,24205,0
5166,24211,0
5167,24216,0
5168,24225,0
5169,24228,0
5170,24231,0
5171,24232,0
5172,24239,0
5173,24248,0
5174,24267,0
5175,24281,0
5176,24293,0
5177,24295,0
5178,24311,0
5179,24312,0
5180,24321,0
5181,24341,0
5182,24344,0
5183,24356,0
5184,24357,0
5185,24369,0
5186,24374,0
5187,24376,0
5188,24380,0
5189,24385,0
5190,24388,0
5191,24391,0
5192,24402,0
5193,24403,0
5194,24404,0
5195,24405,0
5196,24414,0
5197,24428,0
5198,24437,0
5199,24443,0
5200,24444,0
5201,24445,0
5202,24448,0
5203,24457,0
5204,24462,0
5205,24477,0
5206,24492,0
5207,24504,0
5208,24509,0
5209,24514,0
5210,24526,0
5211,24529,0
5212,24535,0
5213,24538,0
5214,24550,0
5215,24560,0
5216,24567,0
5217,24572,0
5218,24585,0
5219,24587,0
5220,24593,0
5221,24594,0
5222,24605,0
5223,24606,0
5224,24610,0
5225,24630,0
5226,24631,0
5227,24643,0
5228,24645,0
5229,24662,0
5230,24663,0
5231,24668,0
5232,24682,0
5233,24684,0
5234,24686,0
5235,24702,0
5236,24725,0
5237,24732,0
5238,24737,0
5239,24738,0
5240,24743,0
5241,24744,0
5242,24755,0
5243,24756,0
5244,24757,0
5245,24765,0
5246,24770,0
5247,24774,0
5248,24783,0
5249,24796,0
5250,24803,0
5251,24806,0
5252,24811,0
5253,24822,0
5254,24830,0
5255,24840,0
5256,24851,0
5257,24862,0
5258,24868,0
5259,24884,0
5260,24901,0
5261,24916,0
5262,24923,0
5263,24924,0
5264,24925,0
5265,24929,0
5266,24931,0
5267,24937,0
5268,24940,0
5269,24944,0
5270,24946,0
5271,24947,0
5272,24948,0
5273,24950,0
5274,24953,0
5275,24957,0
5276,24958,0
5277,24962,0
5278,24975,0
5279,24980,0
5280,24985,0
5281,25002,0
5282,25024,0
5283,25030,0
5284,25037,0
5285,25038,0
5286,25048,0
5287,25066,0
5288,25068,0
5289,25074,0
5290,25077,0
5291,25091,0
5292,25133,0
5293,25135,0
5294,25141,0
5295,25145,0
5296,25148,0
5297,25151,0
5298,25164,0
5299,25188,0
5300,25199,0
5301,25202,0
5302,25206,0
5303,25211,0
5304,25212,0
5305,25214,0
5306,25228,0
5307,25235,0
5308,25237,0
5309,25243,0
5310,25247,0
5311,25270,0
5312,25275,0
5313,25276,0
5314,25279,0
5315,25289,0
5316,25304,0
5317,25311,0
5318,25314,0
5319,25321,0
5320,25322,0
5321,25323,0
5322,25334,0
5323,25342,0
5324,25343,0
5325,25356,0
5326,25359,0
5327,25362,0
5328,25365,0
5329,25367,0
5330,25387,0
5331,25389,0
5332,25390,0
5333,25396,0
5334,25400,0
5335,25403,0
5336,25410,0
5337,25414,0
5338,25430,0
5339,25438,0
5340,25439,0
5341,25440,0
5342,25443,0
5343,25444,0
5344,25456,0
5345,25459,0
5346,25473,0
5347,25489,0
5348,25495,0
5349,25513,0
5350,25517,0
5351,25522,0
5352,25530,0
5353,25535,0
5354,25560,0
5355,25568,0
5356,25572,0
5357,25577,0
5358,25579,0
5359,25592,0
5360,25594,0
5361,25596,0
5362,25601,0
5363,25609,0
5364,25618,0
5365,25622,0
5366,25625,0
5367,25627,0
5368,25638,0
5369,25648,0
5370,25649,0
5371,25653,0
5372,25661,0
5373,25664,0
5374,25668,0
5375,25676,0
5376,25681,0
5377,25685,0
5378,25697,0
5379,25701,0
5380,25707,0
5381,25712,0
5382,25724,0
5383,25727,0
5384,25745,0
5385,25750,0
5386,25770,0
5387,25781,0
5388,25790,0
5389,25799,0
5390,25802,0
5391,25807,0
5392,25811,0
5393,25817,0
5394,25821,0
5395,25830,0
5396,25836,0
5397,25842,0
5398,25853,0
5399,25855,0
5400,25857,0
5401,25868,0
5402,25877,0
5403,25889,0
5404,25890,0
5405,25918,0
5406,25936,0
5407,25949,0
5408,25950,0
5409,25959,0
5410,25960,0
5411,25967,0
5412,25971,0
5413,25974,0
5414,25977,0
5415,25978,0
5416,25984,0
5417,25988,0
5418,25991,0
5419,25997,0
5420,26001,0
5421,26005,0
5422,26012,0
5423,26019,0
5424,26021,0
5425,26022,0
5426,26024,0
5427,26027,0
5428,26028,0
5429,26029,0
5430,26032,0
5431,26036,0
5432,26038,0
5433,26062,0
5434,26064,0
5435,26075,0
5436,26078,0
5437,26092,0
5438,26096,0
5439,26101,0
5440,26103,0
5441,26106,0
5442,26112,0
5443,26117,0
5444,26118,0
5445,26123,0
5446,26126,0
5447,26141,0
5448,26143,0
5449,26145,0
5450,26157,0
5451,26158,0
5452,26172,0
5453,26176,0
5454,26179,0
5455,26183,0
5456,26186,0
5457,26194,0
5458,26195,0
5459,26200,0
5460,26207,0
5461,26215,0
5462,26233,0
5463,26240,0
5464,26246,0
5465,26251,0
5466,26254,0
5467,26256,0
5468,26279,0
5469,26283,0
5470,26287,0
5471,26288,0
5472,26290,0
5473,26291,0
5474,26310,0
5475,26317,0
5476,26329,0
5477,26331,0
5478,26337,0
5479,26339,0
5480,26340,0
5481,26350,0
5482,26352,0
5483,26353,0
5484,26361,0
5485,26368,0
5486,26399,0
5487,26400,0
5488,26410,0
5489,26427,0
5490,26443,0
5491,26450,0
5492,26451,0
5493,26460,0
5494,26467,0
5495,26477,0
5496,26483,0
5497,26498,0
5498,26500,0
5499,26523,0
5500,26530,0
5501,26535,0
5502,26539,0
5503,26544,0
5504,26547,0
5505,26549,0
5506,26569,0
5507,26573,0
5508,26583,0
5509,26592,0
5510,26604,0
5511,26611,0
5512,26623,0
5513,26630,0
5514,26649,0
5515,26670,0
5516,26677,0
5517,26682,0
5518,26683,0
5519,26699,0
5520,26701,0
5521,26714,0
5522,26721,0
5523,26723,0
5524,26725,0
5525,26733,0
5526,26745,0
5527,26746,0
5528,26754,0
5529,26757,0
5530,26778,0
5531,26788,0
5532,26797,0
5533,26837,0
5534,26842,0
5535,26857,0
5536,26864,0
5537,26877,0
5538,26883,0
5539,26889,0
5540,26891,0
5541,26899,0
5542,26912,0
5543,26923,0
5544,26925,0
5545,26933,0
5546,26940,0
5547,26946,0
5548,26956,0
5549,26957,0
5550,26960,0
5551,26970,0
5552,26981,0
5553,26982,0
5554,26988,0
5555,26989,0
5556,26991,0
5557,26992,0
5558,27000,0
5559,27008,0
5560,27017,0
5561,27019,0
5562,27029,0
5563,27031,0
5564,27033,0
5565,27036,0
5566,27038,0
5567,27039,0
5568,27045,0
5569,27052,0
5570,27055,0
5571,27058,0
5572,27066,0
5573,27084,0
5574,27087,0
5575,27097,0
5576,27101,0
5577,27105,0
5578,27109,0
5579,27113,0
5580,27121,0
5581,27129,0
5582,27132,0
5583,27141,0
5584,27143,0
5585,27156,0
5586,27168,0
5587,27174,0
5588,27181,0
5589,27184,0
5590,27188,0
5591,27192,0
5592,27201,0
5593,27216,0
5594,27220,0
5595,27227,0
5596,27246,0
5597,27251,0
5598,27253,0
5599,27256,0
5600,27267,0
5601,27271,0
5602,27280,0
5603,27285,0
5604,27301,0
5605,27306,0
5606,27308,0
5607,27319,0
5608,27322,0
5609,27327,0
5610,27330,0
5611,27331,0
5612,27332,0
5613,27335,0
5614,27336,0
5615,27338,0
5616,27339,0
5617,27345,0
5618,27356,0
5619,27364,0
5620,27378,0
5621,27379,0
5622,27380,0
5623,27395,0
5624,27396,0
5625,27410,0
5626,27411,0
5627,27421,0
5628,27422,0
5629,27431,0
5630,27439,0
5631,27461,0
5632,27463,0
5633,27469,0
5634,27476,0
5635,27481,0
5636,27502,0
5637,27506,0
5638,27513,0
5639,27529,0
5640,27538,0
5641,27539,0
5642,27552,0
5643,27559,0
5644,27585,0
5645,27607,0
5646,27609,0
5647,27617,0
5648,27642,0
5649,27646,0
5650,27647,0
5651,27667,0
5652,27677,0
5653,27678,0
5654,27701,0
5655,27706,0
5656,27707,0
5657,27738,0
5658,27744,0
5659,27752,0
5660,27753,0
5661,27757,0
5662,27764,0
5663,27765,0
5664,27769,0
5665,27772,0
5666,27773,0
5667,27775,0
5668,27788,0
5669,27809,0
5670,27811,0
5671,27819,0
5672,27820,0
5673,27825,0
5674,27831,0
5675,27856,0
5676,27865,0
5677,27866,0
5678,27867,0
5679,27875,0
5680,27880,0
5681,27883,0
5682,27890,0
5683,27891,0
5684,27897,0
5685,27919,0
5686,27939,0
5687,27945,0
5688,27947,0
5689,27950,0
5690,27970,0
5691,27974,0
5692,27977,0
5693,27978,0
5694,27979,0
5695,27980,0
5696,27982,0
5697,27986,0
5698,27990,0
5699,27991,0
5700,28010,0
5701,28011,0
5702,28023,0
5703,28030,0
5704,28039,0
5705,28047,0
5706,28053,0
5707,28054,0
5708,28070,0
5709,28071,0
5710,28072,0
5711,28075,0
5712,28080,0
5713,28089,0
5714,28090,0
5715,28094,0
5716,28110,0
5717,28113,0
5718,28114,0
5719,28117,0
5720,28130,0
5721,28137,0
5722,28142,0
5723,28145,0
5724,28149,0
5725,28158,0
5726,28163,0
5727,28181,0
5728,28187,0
5729,28189,0
5730,28197,0
5731,28200,0
5732,28210,0
5733,28211,0
5734,28213,0
5735,28214,0
5736,28220,0
5737,28223,0
5738,28238,0
5739,28240,0
5740,28245,0
5741,28255,0
5742,28263,0
5743,28271,0
5744,28276,0
5745,28282,0
5746,28286,0
5747,28289,0
5748,28325,0
5749,28328,0
5750,28330,0
5751,28333,0
5752,28337,0
5753,28340,0
5754,28348,0
5755,28355,0
5756,28378,0
5757,28387,0
5758,28390,0
5759,28400,0
5760,28417,0
5761,28422,0
5762,28423,0
5763,28441,0
5764,28448,0
5765,28451,0
5766,28459,0
5767,28467,0
5768,28471,0
5769,28478,0
5770,28496,0
5771,28498,0
5772,28507,0
5773,28509,0
5774,28510,0
5775,28512,0
5776,28524,0
5777,28525,0
5778,28539,0
5779,28542,0
5780,28548,0
5781,28552,0
5782,28567,0
5783,28572,0
5784,28574,0
5785,28578,0
5786,28587,0
5787,28594,0
5788,28602,0
5789,28607,0
5790,28608,0
5791,28615,0
5792,28617,0
5793,28626,0
5794,28629,0
5795,28630,0
5796,28632,0
5797,28639,0
5798,28641,0
5799,28649,0
5800,28653,0
5801,28656,0
5802,28667,0
5803,28681,0
5804,28686,0
5805,28687,0
5806,28693,0
5807,28696,0
5808,28704,0
5809,28707,0
5810,28708,0
5811,28720,0
5812,28721,0
5813,28737,0
5814,28743,0
5815,28751,0
5816,28752,0
5817,28756,0
5818,28773,0
5819,28787,0
5820,28796,0
5821,28798,0
5822,28799,0
5823,28820,0
5824,28822,0
5825,28828,0
5826,28838,0
5827,28857,0
5828,28863,0
5829,28865,0
5830,28867,0
5831,28873,0
5832,28883,0
5833,28892,0
5834,28896,0
5835,28906,0
5836,28908,0
5837,28912,0
5838,28913,0
5839,28917,0
5840,28920,0
5841,28942,0
5842,28957,0
5843,28961,0
5844,28967,0
5845,28974,0
5846,28982,0
5847,28991,0
5848,29000,0
5849,29008,0
5850,29009,0
5851,29014,0
5852,29017,0
5853,29025,0
5854,29031,0
5855,29044,0
5856,29055,0
5857,29058,0
5858,29061,0
5859,29063,0
5860,29066,0
5861,29093,0
5862,29107,0
5863,29114,0
5864,29115,0
5865,29134,0
5866,29141,0
5867,29145,0
5868,29147,0
5869,29157,0
5870,29165,0
5871,29166,0
5872,29176,0
5873,29184,0
5874,29192,0
5875,29194,0
5876,29198,0
5877,29207,0
5878,29217,0
5879,29229,0
5880,29241,0
5881,29254,0
5882,29255,0
5883,29262,0
5884,29267,0
5885,29272,0
5886,29273,0
5887,29278,0
5888,29279,0
5889,29284,0
5890,29285,0
5891,29286,0
5892,29294,0
5893,29305,0
5894,29306,0
5895,29312,0
5896,29321,0
5897,29333,0
5898,29334,0
5899,29349,0
5900,29365,0
5901,29368,0
5902,29382,0
5903,29395,0
5904,29396,0
5905,29398,0
5906,29405,0
5907,29406,0
5908,29407,0
5909,29408,0
5910,29410,0
5911,29420,0
5912,29421,0
5913,29429,0
5914,29431,0
5915,29438,0
5916,29441,0
5917,29442,0
5918,29443,0
5919,29458,0
5920,29463,0
5921,29468,0
5922,29473,0
5923,29475,0
5924,29483,0
5925,29500,0
5926,29503,0
5927,29509,0
5928,29516,0
5929,29518,0
5930,29522,0
5931,29533,0
5932,29543,0
5933,29555,0
5934,29565,0
5935,29572,0
5936,29585,0
5937,29588,0
5938,29590,0
5939,29594,0
5940,29595,0
5941,29601,0
5942,29610,0
5943,29618,0
5944,29626,0
5945,29628,0
5946,29630,0
5947,29635,0
5948,29646,0
5949,29656,0
5950,29659,0
5951,29665,0
5952,29675,0
5953,29684,0
5954,29686,0
5955,29692,0
5956,29697,0
5957,29703,0
5958,29704,0
5959,29721,0
5960,29725,0
5961,29728,0
5962,29730,0
5963,29734,0
5964,29737,0
5965,29746,0
5966,29754,0
5967,29763,0
5968,29790,0
5969,29791,0
5970,29794,0
5971,29796,0
5972,29806,0
5973,29816,0
5974,29837,0
5975,29838,0
5976,29842,0
5977,29848,0
5978,29850,0
5979,29860,0
5980,29861,0
5981,29878,0
5982,29883,0
5983,29892,0
5984,29896,0
5985,29905,0
5986,29915,0
5987,29922,0
5988,29924,0
5989,29928,0
5990,29935,0
5991,29937,0
5992,29938,0
5993,29946,0
5994,29962,0
5995,29976,0
5996,29979,0
5997,29986,0
5998,29991,0
5999,29996,0
